run,nr,colony,petridish,treatment,sample_type,conc,fluorescence_week1,fluorescence_week2,well,row,column,plate
2,1,NA,NA,std_curve,std_curve_second_run_1,5,247004.75,NA,A1,A,1,2.1
2,2,NA,NA,std_curve,std_curve_second_run_1,2.5,87938,NA,B1,B,1,2.1
2,3,NA,NA,std_curve,std_curve_second_run_1,1.25,57783.5,NA,C1,C,1,2.1
2,4,NA,NA,std_curve,std_curve_second_run_1,0.625,37036.25,NA,D1,D,1,2.1
2,5,NA,NA,std_curve,std_curve_second_run_1,0.3125,13543.75,NA,E1,E,1,2.1
2,6,NA,NA,std_curve,std_curve_second_run_1,0.15625,7935,NA,F1,F,1,2.1
2,7,NA,NA,std_curve,std_curve_second_run_1,0.078125,4941.25,NA,G1,G,1,2.1
2,8,NA,NA,std_curve,std_curve_second_run_1,0.0390625,2707.5,NA,H1,H,1,2.1
2,1,NA,NA,std_curve,std_curve_second_run_2,5,248901,NA,A2,A,2,2.1
2,2,NA,NA,std_curve,std_curve_second_run_2,2.5,193481.75,NA,B2,B,2,2.1
2,3,NA,NA,std_curve,std_curve_second_run_2,1.25,69833.5,NA,C2,C,2,2.1
2,4,NA,NA,std_curve,std_curve_second_run_2,0.625,40712.5,NA,D2,D,2,2.1
2,5,NA,NA,std_curve,std_curve_second_run_2,0.3125,30895.5,NA,E2,E,2,2.1
2,6,NA,NA,std_curve,std_curve_second_run_2,0.15625,16693.5,NA,F2,F,2,2.1
2,7,NA,NA,std_curve,std_curve_second_run_2,0.078125,5794.75,NA,G2,G,2,2.1
2,8,NA,NA,std_curve,std_curve_second_run_2,0.0390625,3109.5,NA,H2,H,2,2.1
2,1,C56,2.1,control,ant,NA,612.75,NA,A3,A,3,2.1
2,2,C56,2.1,control,ant,NA,1336,NA,B3,B,3,2.1
2,3,C56,2.1,control,ant,NA,14956.75,NA,C3,C,3,2.1
2,4,C56,2.1,control,ant,NA,20762.5,NA,D3,D,3,2.1
2,5,C56,2.1,control,ant,NA,19033.5,NA,E3,E,3,2.1
2,6,C56,2.1,control,ant,NA,8367,NA,F3,F,3,2.1
2,7,C56,2.1,control,ant,NA,16955.25,NA,G3,G,3,2.1
2,8,C56,2.1,control,ant,NA,16475.5,NA,H3,H,3,2.1
2,9,C56,2.1,control,ant,NA,12689,NA,A4,A,4,2.1
2,10,C56,2.1,control,ant,NA,9384.75,NA,B4,B,4,2.1
2,11,C56,2.1,control,ant,NA,26826,NA,C4,C,4,2.1
2,12,C56,2.1,control,ant,NA,20740.75,NA,D4,D,4,2.1
2,13,C56,2.1,control,ant,NA,19019.75,NA,E4,E,4,2.1
2,14,C56,2.1,control,ant,NA,15593.25,NA,F4,F,4,2.1
2,15,C56,2.1,control,ant,NA,739,NA,G4,G,4,2.1
2,16,C56,2.1,control,ant,NA,5596.25,NA,H4,H,4,2.1
2,17,C56,2.1,control,ant,NA,8588.75,NA,A5,A,5,2.1
2,18,C56,2.1,control,ant,NA,6150,NA,B5,B,5,2.1
2,19,C56,2.1,control,ant,NA,4118.75,NA,C5,C,5,2.1
2,1,C56,2.2,low,ant,NA,15272,NA,D5,D,5,2.1
2,2,C56,2.2,low,ant,NA,9769,NA,E5,E,5,2.1
2,3,C56,2.2,low,ant,NA,15257.5,NA,F5,F,5,2.1
2,4,C56,2.2,low,ant,NA,11389.75,NA,G5,G,5,2.1
2,5,C56,2.2,low,ant,NA,689.5,NA,H5,H,5,2.1
2,6,C56,2.2,low,ant,NA,2227,NA,A6,A,6,2.1
2,7,C56,2.2,low,ant,NA,9924.5,NA,B6,B,6,2.1
2,8,C56,2.2,low,ant,NA,1245,NA,C6,C,6,2.1
2,9,C56,2.2,low,ant,NA,10301.25,NA,D6,D,6,2.1
2,10,C56,2.2,low,ant,NA,13507,NA,E6,E,6,2.1
2,11,C56,2.2,low,ant,NA,17054.5,NA,F6,F,6,2.1
2,12,C56,2.2,low,ant,NA,15344.75,NA,G6,G,6,2.1
2,13,C56,2.2,low,ant,NA,10521.25,NA,H6,H,6,2.1
2,14,C56,2.2,low,ant,NA,1698.5,NA,A7,A,7,2.1
2,15,C56,2.2,low,ant,NA,9259.75,NA,B7,B,7,2.1
2,16,C56,2.2,low,ant,NA,701,NA,C7,C,7,2.1
2,17,C56,2.2,low,ant,NA,867,NA,D7,D,7,2.1
2,18,C56,2.2,low,ant,NA,10030.5,NA,E7,E,7,2.1
2,19,C56,2.2,low,ant,NA,13046.25,NA,F7,F,7,2.1
2,20,C56,2.2,low,ant,NA,10116,NA,G7,G,7,2.1
2,21,C56,2.2,low,ant,NA,4789.25,NA,H7,H,7,2.1
2,1,C56,2.3,mid,ant,NA,16978.5,NA,A8,A,8,2.1
2,2,C56,2.3,mid,ant,NA,5304.5,NA,B8,B,8,2.1
2,3,C56,2.3,mid,ant,NA,4217.75,NA,C8,C,8,2.1
2,4,C56,2.3,mid,ant,NA,12775.25,NA,D8,D,8,2.1
2,5,C56,2.3,mid,ant,NA,6839.25,NA,E8,E,8,2.1
2,6,C56,2.3,mid,ant,NA,4335.5,NA,F8,F,8,2.1
2,7,C56,2.3,mid,ant,NA,21676.5,NA,G8,G,8,2.1
2,8,C56,2.3,mid,ant,NA,2200.75,NA,H8,H,8,2.1
2,9,C56,2.3,mid,ant,NA,11927.75,NA,A9,A,9,2.1
2,10,C56,2.3,mid,ant,NA,4380.75,NA,B9,B,9,2.1
2,11,C56,2.3,mid,ant,NA,12699.75,NA,C9,C,9,2.1
2,12,C56,2.3,mid,ant,NA,11399.25,NA,D9,D,9,2.1
2,13,C56,2.3,mid,ant,NA,11980,NA,E9,E,9,2.1
2,14,C56,2.3,mid,ant,NA,8183.75,NA,F9,F,9,2.1
2,15,C56,2.3,mid,ant,NA,1698.5,NA,G9,G,9,2.1
2,16,C56,2.3,mid,ant,NA,16301.5,NA,H9,H,9,2.1
2,17,C56,2.3,mid,ant,NA,13010,NA,A10,A,10,2.1
2,18,C56,2.3,mid,ant,NA,2310.25,NA,B10,B,10,2.1
2,19,C56,2.3,mid,ant,NA,8783.75,NA,C10,C,10,2.1
2,20,C56,2.3,mid,ant,NA,520.5,NA,D10,D,10,2.1
2,21,C56,2.3,mid,ant,NA,7685.5,NA,E10,E,10,2.1
2,1,C56,2.4,mid,ant,NA,32543.25,NA,F10,F,10,2.1
2,2,C56,2.4,mid,ant,NA,16327.75,NA,G10,G,10,2.1
2,3,C56,2.4,mid,ant,NA,4811.5,NA,H10,H,10,2.1
2,4,C56,2.4,mid,ant,NA,37260,NA,A11,A,11,2.1
2,5,C56,2.4,mid,ant,NA,7511.75,NA,B11,B,11,2.1
2,6,C56,2.4,mid,ant,NA,21947.75,NA,C11,C,11,2.1
2,7,C56,2.4,mid,ant,NA,6334,NA,D11,D,11,2.1
2,8,C56,2.4,mid,ant,NA,8677.75,NA,E11,E,11,2.1
2,9,C56,2.4,mid,ant,NA,12272,NA,F11,F,11,2.1
2,10,C56,2.4,mid,ant,NA,19533,NA,G11,G,11,2.1
2,11,C56,2.4,mid,ant,NA,1735.25,NA,H11,H,11,2.1
2,12,C56,2.4,mid,ant,NA,19813.5,NA,A12,A,12,2.1
2,13,C56,2.4,mid,ant,NA,38302.25,NA,B12,B,12,2.1
2,14,C56,2.4,mid,ant,NA,30955.75,NA,C12,C,12,2.1
2,15,C56,2.4,mid,ant,NA,15998,NA,D12,D,12,2.1
2,16,C56,2.4,mid,ant,NA,5615.25,NA,E12,E,12,2.1
2,17,C56,2.4,mid,ant,NA,869.75,NA,F12,F,12,2.1
2,18,C56,2.4,mid,ant,NA,7017.5,NA,G12,G,12,2.1
2,19,C56,2.4,mid,ant,NA,12117.25,NA,H12,H,12,2.1
2,1,C56,2.5,high,ant,NA,23545.5,NA,A1,A,1,2.2
2,2,C56,2.5,high,ant,NA,3662.25,NA,B1,B,1,2.2
2,3,C56,2.5,high,ant,NA,1356.25,NA,C1,C,1,2.2
2,4,C56,2.5,high,ant,NA,10869.5,NA,D1,D,1,2.2
2,5,C56,2.5,high,ant,NA,8203.25,NA,E1,E,1,2.2
2,6,C56,2.5,high,ant,NA,1433.75,NA,F1,F,1,2.2
2,7,C56,2.5,high,ant,NA,12764.75,NA,G1,G,1,2.2
2,8,C56,2.5,high,ant,NA,7703.5,NA,H1,H,1,2.2
2,9,C56,2.5,high,ant,NA,2484.25,NA,A2,A,2,2.2
2,10,C56,2.5,high,ant,NA,3755.25,NA,B2,B,2,2.2
2,11,C56,2.5,high,ant,NA,3023.25,NA,C2,C,2,2.2
2,12,C56,2.5,high,ant,NA,2598,NA,D2,D,2,2.2
2,13,C56,2.5,high,ant,NA,14369.25,NA,E2,E,2,2.2
2,14,C56,2.5,high,ant,NA,8789.75,NA,F2,F,2,2.2
2,15,C56,2.5,high,ant,NA,4784.25,NA,G2,G,2,2.2
2,16,C56,2.5,high,ant,NA,953.25,NA,H2,H,2,2.2
2,17,C56,2.5,high,ant,NA,7665,NA,A3,A,3,2.2
2,18,C56,2.5,high,ant,NA,921,NA,B3,B,3,2.2
2,19,C56,2.5,high,ant,NA,2777.75,NA,C3,C,3,2.2
2,20,C56,2.5,high,ant,NA,7973.75,NA,D3,D,3,2.2
2,21,C56,2.5,high,ant,NA,1133.5,NA,E3,E,3,2.2
2,1,C62,2.6,control,ant,NA,12798,NA,F3,F,3,2.2
2,2,C62,2.6,control,ant,NA,4086.5,NA,G3,G,3,2.2
2,3,C62,2.6,control,ant,NA,2025.5,NA,H3,H,3,2.2
2,4,C62,2.6,control,ant,NA,22675.25,NA,A4,A,4,2.2
2,5,C62,2.6,control,ant,NA,812,NA,B4,B,4,2.2
2,6,C62,2.6,control,ant,NA,10776.5,NA,C4,C,4,2.2
2,7,C62,2.6,control,ant,NA,12001.5,NA,D4,D,4,2.2
2,8,C62,2.6,control,ant,NA,18343.5,NA,E4,E,4,2.2
2,9,C62,2.6,control,ant,NA,25190,NA,F4,F,4,2.2
2,10,C62,2.6,control,ant,NA,6420.5,NA,G4,G,4,2.2
2,11,C62,2.6,control,ant,NA,10063,NA,H4,H,4,2.2
2,12,C62,2.6,control,ant,NA,9455.5,NA,A5,A,5,2.2
2,13,C62,2.6,control,ant,NA,10525.25,NA,B5,B,5,2.2
2,14,C62,2.6,control,ant,NA,15682.25,NA,C5,C,5,2.2
2,15,C62,2.6,control,ant,NA,8977,NA,D5,D,5,2.2
2,16,C62,2.6,control,ant,NA,684,NA,E5,E,5,2.2
2,17,C62,2.6,control,ant,NA,593,NA,F5,F,5,2.2
2,18,C62,2.6,control,ant,NA,8094.75,NA,G5,G,5,2.2
2,19,C62,2.6,control,ant,NA,2095,NA,H5,H,5,2.2
2,20,C62,2.6,control,ant,NA,581.75,NA,A6,A,6,2.2
2,21,C62,2.6,control,ant,NA,600.75,NA,B6,B,6,2.2
2,1,C62,2.7,low,ant,NA,22697,NA,C6,C,6,2.2
2,2,C62,2.7,low,ant,NA,23473.5,NA,D6,D,6,2.2
2,3,C62,2.7,low,ant,NA,15106,NA,E6,E,6,2.2
2,4,C62,2.7,low,ant,NA,8618.75,NA,F6,F,6,2.2
2,5,C62,2.7,low,ant,NA,22551.75,NA,G6,G,6,2.2
2,6,C62,2.7,low,ant,NA,10588.5,NA,H6,H,6,2.2
2,7,C62,2.7,low,ant,NA,12235.75,NA,A7,A,7,2.2
2,8,C62,2.7,low,ant,NA,8248.75,NA,B7,B,7,2.2
2,9,C62,2.7,low,ant,NA,13511.75,NA,C7,C,7,2.2
2,10,C62,2.7,low,ant,NA,15299.75,NA,D7,D,7,2.2
2,11,C62,2.7,low,ant,NA,21462.5,NA,E7,E,7,2.2
2,12,C62,2.7,low,ant,NA,26174.75,NA,F7,F,7,2.2
2,13,C62,2.7,low,ant,NA,13799.5,NA,G7,G,7,2.2
2,14,C62,2.7,low,ant,NA,7753.5,NA,H7,H,7,2.2
2,15,C62,2.7,low,ant,NA,9642.5,NA,A8,A,8,2.2
2,16,C62,2.7,low,ant,NA,10982.25,NA,B8,B,8,2.2
2,17,C62,2.7,low,ant,NA,9327.5,NA,C8,C,8,2.2
2,18,C62,2.7,low,ant,NA,525.75,NA,D8,D,8,2.2
2,19,C62,2.7,low,ant,NA,10299,NA,E8,E,8,2.2
2,20,C62,2.7,low,ant,NA,17858.75,NA,F8,F,8,2.2
2,21,C62,2.7,low,ant,NA,21802,NA,G8,G,8,2.2
2,1,C62,2.8,mid,ant,NA,10359.25,NA,H8,H,8,2.2
2,2,C62,2.8,mid,ant,NA,3054.5,NA,A9,A,9,2.2
2,3,C62,2.8,mid,ant,NA,570,NA,B9,B,9,2.2
2,4,C62,2.8,mid,ant,NA,9105.5,NA,C9,C,9,2.2
2,5,C62,2.8,mid,ant,NA,7921.25,NA,D9,D,9,2.2
2,6,C62,2.8,mid,ant,NA,1719,NA,E9,E,9,2.2
2,7,C62,2.8,mid,ant,NA,16923.5,NA,F9,F,9,2.2
2,8,C62,2.8,mid,ant,NA,4830.5,NA,G9,G,9,2.2
2,9,C62,2.8,mid,ant,NA,626.5,NA,H9,H,9,2.2
2,10,C62,2.8,mid,ant,NA,2107,NA,A10,A,10,2.2
2,11,C62,2.8,mid,ant,NA,9722.75,NA,B10,B,10,2.2
2,12,C62,2.8,mid,ant,NA,16092,NA,C10,C,10,2.2
2,13,C62,2.8,mid,ant,NA,9682.25,NA,D10,D,10,2.2
2,14,C62,2.8,mid,ant,NA,17793.25,NA,E10,E,10,2.2
2,15,C62,2.8,mid,ant,NA,14130.25,NA,F10,F,10,2.2
2,16,C62,2.8,mid,ant,NA,19608.75,NA,G10,G,10,2.2
2,17,C62,2.8,mid,ant,NA,2713.5,NA,H10,H,10,2.2
2,18,C62,2.8,mid,ant,NA,7803.5,NA,A11,A,11,2.2
2,19,C62,2.8,mid,ant,NA,16494.5,NA,B11,B,11,2.2
2,20,C62,2.8,mid,ant,NA,1980.25,NA,C11,C,11,2.2
2,21,C62,2.8,mid,ant,NA,6123.75,NA,D11,D,11,2.2
2,22,C62,2.8,mid,ant,NA,12746,NA,E11,E,11,2.2
2,1,C62,2.9,mid,ant,NA,11001.5,NA,F11,F,11,2.2
2,2,C62,2.9,mid,ant,NA,8130.75,NA,G11,G,11,2.2
2,3,C62,2.9,mid,ant,NA,11573.25,NA,H11,H,11,2.2
2,4,C62,2.9,mid,ant,NA,6636.5,NA,A12,A,12,2.2
2,5,C62,2.9,mid,ant,NA,9843,NA,B12,B,12,2.2
2,6,C62,2.9,mid,ant,NA,6219,NA,C12,C,12,2.2
2,7,C62,2.9,mid,ant,NA,20901.75,NA,D12,D,12,2.2
2,8,C62,2.9,mid,ant,NA,6302.5,NA,E12,E,12,2.2
2,9,C62,2.9,mid,ant,NA,14382,NA,F12,F,12,2.2
2,10,C62,2.9,mid,ant,NA,11518.5,NA,G12,G,12,2.2
2,11,C62,2.9,mid,ant,NA,19806.5,NA,H12,H,12,2.2
2,12,C62,2.9,mid,ant,NA,6985.5,NA,A1,A,1,2.3
2,13,C62,2.9,mid,ant,NA,833.75,NA,B1,B,1,2.3
2,14,C62,2.9,mid,ant,NA,990,NA,C1,C,1,2.3
2,15,C62,2.9,mid,ant,NA,27127.5,NA,D1,D,1,2.3
2,16,C62,2.9,mid,ant,NA,5706.25,NA,E1,E,1,2.3
2,17,C62,2.9,mid,ant,NA,2394.5,NA,F1,F,1,2.3
2,18,C62,2.9,mid,ant,NA,11134.75,NA,G1,G,1,2.3
2,19,C62,2.9,mid,ant,NA,8723.25,NA,H1,H,1,2.3
2,20,C62,2.9,mid,ant,NA,634.25,NA,A2,A,2,2.3
2,21,C62,2.9,mid,ant,NA,10039,NA,B2,B,2,2.3
2,1,C62,3,high,ant,NA,5726.5,NA,C2,C,2,2.3
2,2,C62,3,high,ant,NA,2807.5,NA,D2,D,2,2.3
2,3,C62,3,high,ant,NA,4505.75,NA,E2,E,2,2.3
2,4,C62,3,high,ant,NA,4245,NA,F2,F,2,2.3
2,5,C62,3,high,ant,NA,7945.75,NA,G2,G,2,2.3
2,6,C62,3,high,ant,NA,1767.25,NA,H2,H,2,2.3
2,7,C62,3,high,ant,NA,1118.75,NA,A3,A,3,2.3
2,8,C62,3,high,ant,NA,1129.75,NA,B3,B,3,2.3
2,9,C62,3,high,ant,NA,3009.75,NA,C3,C,3,2.3
2,10,C62,3,high,ant,NA,7765.25,NA,D3,D,3,2.3
2,11,C62,3,high,ant,NA,3997.75,NA,E3,E,3,2.3
2,12,C62,3,high,ant,NA,3625.75,NA,F3,F,3,2.3
2,13,C62,3,high,ant,NA,1851.25,NA,G3,G,3,2.3
2,14,C62,3,high,ant,NA,602,NA,H3,H,3,2.3
2,15,C62,3,high,ant,NA,3228.5,NA,A4,A,4,2.3
2,16,C62,3,high,ant,NA,1504.5,NA,B4,B,4,2.3
2,17,C62,3,high,ant,NA,3639.5,NA,C4,C,4,2.3
2,18,C62,3,high,ant,NA,2913.25,NA,D4,D,4,2.3
2,19,C62,3,high,ant,NA,16254.75,NA,E4,E,4,2.3
2,20,C62,3,high,ant,NA,1992.5,NA,F4,F,4,2.3
2,21,C62,3,high,ant,NA,1908.25,NA,G4,G,4,2.3
2,1,C34,3.1,control,ant,NA,11821.5,NA,H4,H,4,2.3
2,2,C34,3.1,control,ant,NA,14630.5,NA,A5,A,5,2.3
2,3,C34,3.1,control,ant,NA,9416.5,NA,B5,B,5,2.3
2,4,C34,3.1,control,ant,NA,9101.75,NA,C5,C,5,2.3
2,5,C34,3.1,control,ant,NA,744.5,NA,D5,D,5,2.3
2,6,C34,3.1,control,ant,NA,7169.5,NA,E5,E,5,2.3
2,7,C34,3.1,control,ant,NA,6871.25,NA,F5,F,5,2.3
2,8,C34,3.1,control,ant,NA,539.75,NA,G5,G,5,2.3
2,9,C34,3.1,control,ant,NA,8382.25,NA,H5,H,5,2.3
2,10,C34,3.1,control,ant,NA,28065.75,NA,A6,A,6,2.3
2,11,C34,3.1,control,ant,NA,383.75,NA,B6,B,6,2.3
2,12,C34,3.1,control,ant,NA,7561.75,NA,C6,C,6,2.3
2,13,C34,3.1,control,ant,NA,21993.25,NA,D6,D,6,2.3
2,14,C34,3.1,control,ant,NA,29421,NA,E6,E,6,2.3
2,15,C34,3.1,control,ant,NA,19649,NA,F6,F,6,2.3
2,16,C34,3.1,control,ant,NA,747,NA,G6,G,6,2.3
2,17,C34,3.1,control,ant,NA,24007.75,NA,H6,H,6,2.3
2,18,C34,3.1,control,ant,NA,731.25,NA,A7,A,7,2.3
2,19,C34,3.1,control,ant,NA,12475.25,NA,B7,B,7,2.3
2,20,C34,3.1,control,ant,NA,721.75,NA,C7,C,7,2.3
2,21,C34,3.1,control,ant,NA,7788.5,NA,D7,D,7,2.3
2,22,C34,3.1,control,ant,NA,16016.5,NA,E7,E,7,2.3
2,1,C34,3.2,low,ant,NA,13761.25,NA,F7,F,7,2.3
2,2,C34,3.2,low,ant,NA,15313.75,NA,G7,G,7,2.3
2,3,C34,3.2,low,ant,NA,2169.25,NA,H7,H,7,2.3
2,4,C34,3.2,low,ant,NA,13483.5,NA,A8,A,8,2.3
2,5,C34,3.2,low,ant,NA,11555.25,NA,B8,B,8,2.3
2,6,C34,3.2,low,ant,NA,20217.25,NA,C8,C,8,2.3
2,7,C34,3.2,low,ant,NA,13753.75,NA,D8,D,8,2.3
2,8,C34,3.2,low,ant,NA,10311.75,NA,E8,E,8,2.3
2,9,C34,3.2,low,ant,NA,9961.5,NA,F8,F,8,2.3
2,10,C34,3.2,low,ant,NA,13133,NA,G8,G,8,2.3
2,11,C34,3.2,low,ant,NA,14300.75,NA,H8,H,8,2.3
2,12,C34,3.2,low,ant,NA,19765.25,NA,A9,A,9,2.3
2,13,C34,3.2,low,ant,NA,11321,NA,B9,B,9,2.3
2,14,C34,3.2,low,ant,NA,10504.25,NA,C9,C,9,2.3
2,15,C34,3.2,low,ant,NA,16173.75,NA,D9,D,9,2.3
2,16,C34,3.2,low,ant,NA,22469.25,NA,E9,E,9,2.3
2,17,C34,3.2,low,ant,NA,11211.5,NA,F9,F,9,2.3
2,18,C34,3.2,low,ant,NA,24478,NA,G9,G,9,2.3
2,19,C34,3.2,low,ant,NA,14174,NA,H9,H,9,2.3
2,20,C34,3.2,low,ant,NA,823.75,NA,A10,A,10,2.3
2,21,C34,3.2,low,ant,NA,10581.75,NA,B10,B,10,2.3
2,22,C34,3.2,low,ant,NA,1674.25,NA,C10,C,10,2.3
2,23,C34,3.2,low,ant,NA,11797.5,NA,D10,D,10,2.3
2,1,C34,3.3,mid,ant,NA,4582.75,NA,E10,E,10,2.3
2,2,C34,3.3,mid,ant,NA,390,NA,F10,F,10,2.3
2,3,C34,3.3,mid,ant,NA,8064,NA,G10,G,10,2.3
2,4,C34,3.3,mid,ant,NA,5449.5,NA,H10,H,10,2.3
2,5,C34,3.3,mid,ant,NA,5449.5,NA,A11,A,11,2.3
2,6,C34,3.3,mid,ant,NA,5050.25,NA,B11,B,11,2.3
2,7,C34,3.3,mid,ant,NA,5766.75,NA,C11,C,11,2.3
2,8,C34,3.3,mid,ant,NA,6026.5,NA,D11,D,11,2.3
2,9,C34,3.3,mid,ant,NA,8388.5,NA,E11,E,11,2.3
2,10,C34,3.3,mid,ant,NA,13349.5,NA,F11,F,11,2.3
2,11,C34,3.3,mid,ant,NA,6583,NA,G11,G,11,2.3
2,12,C34,3.3,mid,ant,NA,6322.5,NA,H11,H,11,2.3
2,13,C34,3.3,mid,ant,NA,20757,NA,A12,A,12,2.3
2,14,C34,3.3,mid,ant,NA,659.5,NA,B12,B,12,2.3
2,15,C34,3.3,mid,ant,NA,3726.75,NA,C12,C,12,2.3
2,16,C34,3.3,mid,ant,NA,4054,NA,D12,D,12,2.3
2,17,C34,3.3,mid,ant,NA,23462.75,NA,E12,E,12,2.3
2,18,C34,3.3,mid,ant,NA,5203.25,NA,F12,F,12,2.3
2,19,C34,3.3,mid,ant,NA,7039,NA,G12,G,12,2.3
2,20,C34,3.3,mid,ant,NA,6254.25,NA,H12,H,12,2.3
2,21,C34,3.3,mid,ant,NA,19496.75,NA,A1,A,1,2.4
2,22,C34,3.3,mid,ant,NA,6242.5,NA,B1,B,1,2.4
2,23,C34,3.3,mid,ant,NA,8021.25,NA,C1,C,1,2.4
2,24,C34,3.3,mid,ant,NA,19575.25,NA,D1,D,1,2.4
2,25,C34,3.3,mid,ant,NA,12557.5,NA,E1,E,1,2.4
2,1,C34,3.4,mid,ant,NA,1735.25,NA,F1,F,1,2.4
2,2,C34,3.4,mid,ant,NA,10565.5,NA,G1,G,1,2.4
2,3,C34,3.4,mid,ant,NA,985.25,NA,H1,H,1,2.4
2,4,C34,3.4,mid,ant,NA,5823.5,NA,A2,A,2,2.4
2,5,C34,3.4,mid,ant,NA,3268,NA,B2,B,2,2.4
2,6,C34,3.4,mid,ant,NA,944.5,NA,C2,C,2,2.4
2,7,C34,3.4,mid,ant,NA,2869,NA,D2,D,2,2.4
2,8,C34,3.4,mid,ant,NA,548,NA,E2,E,2,2.4
2,9,C34,3.4,mid,ant,NA,3672.25,NA,F2,F,2,2.4
2,10,C34,3.4,mid,ant,NA,1254,NA,G2,G,2,2.4
2,11,C34,3.4,mid,ant,NA,969.5,NA,H2,H,2,2.4
2,12,C34,3.4,mid,ant,NA,3295.25,NA,A3,A,3,2.4
2,13,C34,3.4,mid,ant,NA,2872,NA,B3,B,3,2.4
2,14,C34,3.4,mid,ant,NA,2060.25,NA,C3,C,3,2.4
2,15,C34,3.4,mid,ant,NA,690.5,NA,D3,D,3,2.4
2,16,C34,3.4,mid,ant,NA,2121.5,NA,E3,E,3,2.4
2,17,C34,3.4,mid,ant,NA,1066.5,NA,F3,F,3,2.4
2,18,C34,3.4,mid,ant,NA,3132.5,NA,G3,G,3,2.4
2,19,C34,3.4,mid,ant,NA,2758.25,NA,H3,H,3,2.4
2,20,C34,3.4,mid,ant,NA,296.75,NA,A4,A,4,2.4
2,21,C34,3.4,mid,ant,NA,6360.5,NA,B4,B,4,2.4
2,22,C34,3.4,mid,ant,NA,408.5,NA,C4,C,4,2.4
2,1,C34,3.5,high,ant,NA,4474.75,NA,D4,D,4,2.4
2,2,C34,3.5,high,ant,NA,874.75,NA,E4,E,4,2.4
2,3,C34,3.5,high,ant,NA,7170.5,NA,F4,F,4,2.4
2,4,C34,3.5,high,ant,NA,4980,NA,G4,G,4,2.4
2,5,C34,3.5,high,ant,NA,5105.75,NA,H4,H,4,2.4
2,6,C34,3.5,high,ant,NA,19325.75,NA,A5,A,5,2.4
2,7,C34,3.5,high,ant,NA,2974,NA,B5,B,5,2.4
2,8,C34,3.5,high,ant,NA,4124,NA,C5,C,5,2.4
2,9,C34,3.5,high,ant,NA,5117.5,NA,D5,D,5,2.4
2,10,C34,3.5,high,ant,NA,502.25,NA,E5,E,5,2.4
2,11,C34,3.5,high,ant,NA,1588.75,NA,F5,F,5,2.4
2,12,C34,3.5,high,ant,NA,772.25,NA,G5,G,5,2.4
2,13,C34,3.5,high,ant,NA,9840.25,NA,H5,H,5,2.4
2,14,C34,3.5,high,ant,NA,3118.75,NA,A6,A,6,2.4
2,15,C34,3.5,high,ant,NA,2473.25,NA,B6,B,6,2.4
2,16,C34,3.5,high,ant,NA,4205,NA,C6,C,6,2.4
2,17,C34,3.5,high,ant,NA,819.75,NA,D6,D,6,2.4
2,18,C34,3.5,high,ant,NA,280.25,NA,E6,E,6,2.4
2,19,C34,3.5,high,ant,NA,7522.5,NA,F6,F,6,2.4
2,1,C43,3.6,control,ant,NA,12619,NA,G6,G,6,2.4
2,2,C43,3.6,control,ant,NA,651.25,NA,H6,H,6,2.4
2,3,C43,3.6,control,ant,NA,7673.75,NA,A7,A,7,2.4
2,4,C43,3.6,control,ant,NA,12654.25,NA,B7,B,7,2.4
2,5,C43,3.6,control,ant,NA,14646,NA,C7,C,7,2.4
2,6,C43,3.6,control,ant,NA,6679,NA,D7,D,7,2.4
2,7,C43,3.6,control,ant,NA,965.5,NA,E7,E,7,2.4
2,8,C43,3.6,control,ant,NA,33088.25,NA,F7,F,7,2.4
2,9,C43,3.6,control,ant,NA,385,NA,G7,G,7,2.4
2,10,C43,3.6,control,ant,NA,8946.75,NA,H7,H,7,2.4
2,11,C43,3.6,control,ant,NA,254.5,NA,A8,A,8,2.4
2,12,C43,3.6,control,ant,NA,565,NA,B8,B,8,2.4
2,13,C43,3.6,control,ant,NA,10394,NA,C8,C,8,2.4
2,14,C43,3.6,control,ant,NA,14612.5,NA,D8,D,8,2.4
2,15,C43,3.6,control,ant,NA,27637.5,NA,E8,E,8,2.4
2,16,C43,3.6,control,ant,NA,280.5,NA,F8,F,8,2.4
2,1,C43,3.7,low,ant,NA,789.5,NA,G8,G,8,2.4
2,2,C43,3.7,low,ant,NA,280.25,NA,H8,H,8,2.4
2,3,C43,3.7,low,ant,NA,13967.25,NA,A9,A,9,2.4
2,4,C43,3.7,low,ant,NA,351.75,NA,B9,B,9,2.4
2,5,C43,3.7,low,ant,NA,15992,NA,C9,C,9,2.4
2,6,C43,3.7,low,ant,NA,9992,NA,D9,D,9,2.4
2,7,C43,3.7,low,ant,NA,15966,NA,E9,E,9,2.4
2,8,C43,3.7,low,ant,NA,12124.5,NA,F9,F,9,2.4
2,9,C43,3.7,low,ant,NA,8135.75,NA,G9,G,9,2.4
2,10,C43,3.7,low,ant,NA,20105.75,NA,H9,H,9,2.4
2,11,C43,3.7,low,ant,NA,640.25,NA,A10,A,10,2.4
2,12,C43,3.7,low,ant,NA,6961,NA,B10,B,10,2.4
2,13,C43,3.7,low,ant,NA,19001.75,NA,C10,C,10,2.4
2,14,C43,3.7,low,ant,NA,3945.5,NA,D10,D,10,2.4
2,15,C43,3.7,low,ant,NA,1648.75,NA,E10,E,10,2.4
2,16,C43,3.7,low,ant,NA,17240,NA,F10,F,10,2.4
2,17,C43,3.7,low,ant,NA,14724.5,NA,G10,G,10,2.4
2,1,C43,3.8,mid,ant,NA,7481,NA,H10,H,10,2.4
2,2,C43,3.8,mid,ant,NA,9074.25,NA,A11,A,11,2.4
2,3,C43,3.8,mid,ant,NA,6017.25,NA,B11,B,11,2.4
2,4,C43,3.8,mid,ant,NA,6769.25,NA,C11,C,11,2.4
2,5,C43,3.8,mid,ant,NA,13465.5,NA,D11,D,11,2.4
2,6,C43,3.8,mid,ant,NA,7054,NA,E11,E,11,2.4
2,7,C43,3.8,mid,ant,NA,7772.75,NA,F11,F,11,2.4
2,8,C43,3.8,mid,ant,NA,8155.75,NA,G11,G,11,2.4
2,9,C43,3.8,mid,ant,NA,807.25,NA,H11,H,11,2.4
2,10,C43,3.8,mid,ant,NA,7891.5,NA,A12,A,12,2.4
2,11,C43,3.8,mid,ant,NA,4944.5,NA,B12,B,12,2.4
2,12,C43,3.8,mid,ant,NA,7482.25,NA,C12,C,12,2.4
2,13,C43,3.8,mid,ant,NA,18112.75,NA,D12,D,12,2.4
2,14,C43,3.8,mid,ant,NA,9611.75,NA,E12,E,12,2.4
2,15,C43,3.8,mid,ant,NA,3823,NA,F12,F,12,2.4
2,16,C43,3.8,mid,ant,NA,903.75,NA,G12,G,12,2.4
2,17,C43,3.8,mid,ant,NA,4535,NA,H12,H,12,2.4
2,1,C43,3.9,mid,ant,NA,12511.75,NA,A1,A,1,2.5
2,2,C43,3.9,mid,ant,NA,6255.5,NA,B1,B,1,2.5
2,3,C43,3.9,mid,ant,NA,3700.75,NA,C1,C,1,2.5
2,4,C43,3.9,mid,ant,NA,11122.25,NA,D1,D,1,2.5
2,5,C43,3.9,mid,ant,NA,12820.5,NA,E1,E,1,2.5
2,6,C43,3.9,mid,ant,NA,8137,NA,F1,F,1,2.5
2,7,C43,3.9,mid,ant,NA,1301,NA,G1,G,1,2.5
2,8,C43,3.9,mid,ant,NA,9935.5,NA,H1,H,1,2.5
2,9,C43,3.9,mid,ant,NA,4015.5,NA,A2,A,2,2.5
2,10,C43,3.9,mid,ant,NA,853.5,NA,B2,B,2,2.5
2,11,C43,3.9,mid,ant,NA,17816.5,NA,C2,C,2,2.5
2,12,C43,3.9,mid,ant,NA,2644.5,NA,D2,D,2,2.5
2,13,C43,3.9,mid,ant,NA,6373.75,NA,E2,E,2,2.5
2,1,C43,4,high,ant,NA,2227,NA,F2,F,2,2.5
2,2,C43,4,high,ant,NA,7142,NA,G2,G,2,2.5
2,3,C43,4,high,ant,NA,5550.5,NA,H2,H,2,2.5
2,4,C43,4,high,ant,NA,6455,NA,A3,A,3,2.5
2,5,C43,4,high,ant,NA,2972.75,NA,B3,B,3,2.5
2,6,C43,4,high,ant,NA,5816.5,NA,C3,C,3,2.5
2,7,C43,4,high,ant,NA,4190,NA,D3,D,3,2.5
2,8,C43,4,high,ant,NA,714.25,NA,E3,E,3,2.5
2,9,C43,4,high,ant,NA,820,NA,F3,F,3,2.5
2,10,C43,4,high,ant,NA,3080.25,NA,G3,G,3,2.5
2,11,C43,4,high,ant,NA,1818.5,NA,H3,H,3,2.5
2,12,C43,4,high,ant,NA,2982.5,NA,A4,A,4,2.5
2,13,C43,4,high,ant,NA,4510.25,NA,B4,B,4,2.5
2,14,C43,4,high,ant,NA,4443.75,NA,C4,C,4,2.5
2,1,C39,4.1,control,ant,NA,856.5,NA,D4,D,4,2.5
2,2,C39,4.1,control,ant,NA,5942.25,NA,E4,E,4,2.5
2,3,C39,4.1,control,ant,NA,7317,NA,F4,F,4,2.5
2,4,C39,4.1,control,ant,NA,1873.25,NA,G4,G,4,2.5
2,5,C39,4.1,control,ant,NA,4763.25,NA,H4,H,4,2.5
2,6,C39,4.1,control,ant,NA,772,NA,A5,A,5,2.5
2,7,C39,4.1,control,ant,NA,11978.75,NA,B5,B,5,2.5
2,8,C39,4.1,control,ant,NA,9783.5,NA,C5,C,5,2.5
2,9,C39,4.1,control,ant,NA,7268.75,NA,D5,D,5,2.5
2,10,C39,4.1,control,ant,NA,746.75,NA,E5,E,5,2.5
2,11,C39,4.1,control,ant,NA,6400.75,NA,F5,F,5,2.5
2,12,C39,4.1,control,ant,NA,7626.5,NA,G5,G,5,2.5
2,13,C39,4.1,control,ant,NA,23293.25,NA,H5,H,5,2.5
2,14,C39,4.1,control,ant,NA,4458.5,NA,A6,A,6,2.5
2,15,C39,4.1,control,ant,NA,4394.75,NA,B6,B,6,2.5
2,16,C39,4.1,control,ant,NA,5532.25,NA,C6,C,6,2.5
2,17,C39,4.1,control,ant,NA,324.25,NA,D6,D,6,2.5
2,18,C39,4.1,control,ant,NA,1018,NA,E6,E,6,2.5
2,19,C39,4.1,control,ant,NA,701.25,NA,F6,F,6,2.5
2,20,C39,4.1,control,ant,NA,8378,NA,G6,G,6,2.5
2,21,C39,4.1,control,ant,NA,10829.75,NA,H6,H,6,2.5
2,22,C39,4.1,control,ant,NA,17914.25,NA,A7,A,7,2.5
2,23,C39,4.1,control,ant,NA,21282.25,NA,B7,B,7,2.5
2,24,C39,4.1,control,ant,NA,12283.25,NA,C7,C,7,2.5
2,25,C39,4.1,control,ant,NA,14580.5,NA,D7,D,7,2.5
2,26,C39,4.1,control,ant,NA,13306.75,NA,E7,E,7,2.5
2,27,C39,4.1,control,ant,NA,9921,NA,F7,F,7,2.5
2,28,C39,4.1,control,ant,NA,18124.25,NA,G7,G,7,2.5
2,1,C39,4.2,low,ant,NA,5835.25,NA,H7,H,7,2.5
2,2,C39,4.2,low,ant,NA,16101,NA,A8,A,8,2.5
2,3,C39,4.2,low,ant,NA,496.5,NA,B8,B,8,2.5
2,4,C39,4.2,low,ant,NA,17472.25,NA,C8,C,8,2.5
2,5,C39,4.2,low,ant,NA,5623.75,NA,D8,D,8,2.5
2,6,C39,4.2,low,ant,NA,706,NA,E8,E,8,2.5
2,7,C39,4.2,low,ant,NA,9913.5,NA,F8,F,8,2.5
2,8,C39,4.2,low,ant,NA,7320.25,NA,G8,G,8,2.5
2,9,C39,4.2,low,ant,NA,5930,NA,H8,H,8,2.5
2,10,C39,4.2,low,ant,NA,758.75,NA,A9,A,9,2.5
2,11,C39,4.2,low,ant,NA,21178.5,NA,B9,B,9,2.5
2,12,C39,4.2,low,ant,NA,6084.5,NA,C9,C,9,2.5
2,13,C39,4.2,low,ant,NA,9348.75,NA,D9,D,9,2.5
2,14,C39,4.2,low,ant,NA,550.5,NA,E9,E,9,2.5
2,15,C39,4.2,low,ant,NA,15803.25,NA,F9,F,9,2.5
2,16,C39,4.2,low,ant,NA,12054,NA,G9,G,9,2.5
2,17,C39,4.2,low,ant,NA,12499.5,NA,H9,H,9,2.5
2,18,C39,4.2,low,ant,NA,9773.25,NA,A10,A,10,2.5
2,19,C39,4.2,low,ant,NA,5515.25,NA,B10,B,10,2.5
2,20,C39,4.2,low,ant,NA,15065.75,NA,C10,C,10,2.5
2,21,C39,4.2,low,ant,NA,11469.25,NA,D10,D,10,2.5
2,22,C39,4.2,low,ant,NA,21328.75,NA,E10,E,10,2.5
2,23,C39,4.2,low,ant,NA,7171,NA,F10,F,10,2.5
2,24,C39,4.2,low,ant,NA,900,NA,G10,G,10,2.5
2,25,C39,4.2,low,ant,NA,13740.25,NA,H10,H,10,2.5
2,26,C39,4.2,low,ant,NA,634.25,NA,A11,A,11,2.5
2,1,C39,4.3,mid,ant,NA,3337,NA,B11,B,11,2.5
2,2,C39,4.3,mid,ant,NA,928.75,NA,C11,C,11,2.5
2,3,C39,4.3,mid,ant,NA,5081,NA,D11,D,11,2.5
2,4,C39,4.3,mid,ant,NA,5070.75,NA,E11,E,11,2.5
2,5,C39,4.3,mid,ant,NA,445.5,NA,F11,F,11,2.5
2,6,C39,4.3,mid,ant,NA,4569.75,NA,G11,G,11,2.5
2,7,C39,4.3,mid,ant,NA,3617.25,NA,H11,H,11,2.5
2,8,C39,4.3,mid,ant,NA,1029.75,NA,A12,A,12,2.5
2,9,C39,4.3,mid,ant,NA,15605,NA,B12,B,12,2.5
2,NA,NA,NA,blank,negative_ant,NA,582,NA,C12,C,12,2.5
2,NA,NA,NA,blank,negative_ant,NA,601.5,NA,D12,D,12,2.5
2,NA,NA,NA,blank,negative_ant,NA,644,NA,E12,E,12,2.5
2,NA,NA,NA,blank,negative_ant,NA,787.5,NA,F12,F,12,2.5
2,NA,NA,NA,blank,blank_pbs,NA,91,NA,G12,G,12,2.5
2,NA,NA,NA,blank,blank_pbs,NA,101.75,NA,H12,H,12,2.5
2,10,C39,4.3,mid,ant,NA,400.75,NA,A1,A,1,2.6
2,11,C39,4.3,mid,ant,NA,5384.25,NA,B1,B,1,2.6
2,12,C39,4.3,mid,ant,NA,643,NA,C1,C,1,2.6
2,13,C39,4.3,mid,ant,NA,483.25,NA,D1,D,1,2.6
2,14,C39,4.3,mid,ant,NA,8747.75,NA,E1,E,1,2.6
2,15,C39,4.3,mid,ant,NA,5243.5,NA,F1,F,1,2.6
2,16,C39,4.3,mid,ant,NA,4381.75,NA,G1,G,1,2.6
2,17,C39,4.3,mid,ant,NA,4097,NA,H1,H,1,2.6
2,18,C39,4.3,mid,ant,NA,936.25,NA,A2,A,2,2.6
2,19,C39,4.3,mid,ant,NA,12861.75,NA,B2,B,2,2.6
2,20,C39,4.3,mid,ant,NA,2612.25,NA,C2,C,2,2.6
2,1,C39,4.4,high,ant,NA,1972.25,NA,D2,D,2,2.6
2,2,C39,4.4,high,ant,NA,1341,NA,E2,E,2,2.6
2,3,C39,4.4,high,ant,NA,4087.75,NA,F2,F,2,2.6
2,4,C39,4.4,high,ant,NA,329,NA,G2,G,2,2.6
2,5,C39,4.4,high,ant,NA,3812,NA,H2,H,2,2.6
2,6,C39,4.4,high,ant,NA,11599.5,NA,A3,A,3,2.6
2,7,C39,4.4,high,ant,NA,6783.25,NA,B3,B,3,2.6
2,8,C39,4.4,high,ant,NA,2050.75,NA,C3,C,3,2.6
2,9,C39,4.4,high,ant,NA,2090.25,NA,D3,D,3,2.6
2,10,C39,4.4,high,ant,NA,6093.5,NA,E3,E,3,2.6
2,11,C39,4.4,high,ant,NA,1100.25,NA,F3,F,3,2.6
2,12,C39,4.4,high,ant,NA,470.5,NA,G3,G,3,2.6
2,13,C39,4.4,high,ant,NA,2664.75,NA,H3,H,3,2.6
2,14,C39,4.4,high,ant,NA,2006.25,NA,A4,A,4,2.6
2,15,C39,4.4,high,ant,NA,1077.75,NA,B4,B,4,2.6
2,16,C39,4.4,high,ant,NA,2110.5,NA,C4,C,4,2.6
2,17,C39,4.4,high,ant,NA,2241.5,NA,D4,D,4,2.6
2,18,C39,4.4,high,ant,NA,2750.25,NA,E4,E,4,2.6
2,19,C39,4.4,high,ant,NA,2222.25,NA,F4,F,4,2.6
2,20,C39,4.4,high,ant,NA,3021.5,NA,G4,G,4,2.6
2,21,C39,4.4,high,ant,NA,394,NA,H4,H,4,2.6
2,22,C39,4.4,high,ant,NA,2617,NA,A5,A,5,2.6
2,23,C39,4.4,high,ant,NA,1723.75,NA,B5,B,5,2.6
2,24,C39,4.4,high,ant,NA,991.5,NA,C5,C,5,2.6
2,25,C39,4.4,high,ant,NA,3974,NA,D5,D,5,2.6
2,26,C39,4.4,high,ant,NA,947,NA,E5,E,5,2.6
2,27,C39,4.4,high,ant,NA,3004.25,NA,F5,F,5,2.6
2,NA,NA,NA,blank,negative_ant,NA,586,NA,G5,G,5,2.6
2,NA,NA,NA,blank,negative_ant,NA,409.25,NA,H5,H,5,2.6
2,NA,NA,NA,blank,negative_ant,NA,590.75,NA,A6,A,6,2.6
2,NA,NA,NA,blank,negative_ant,NA,665.75,NA,B6,B,6,2.6
2,NA,NA,NA,blank,negative_ant,NA,476.25,NA,C6,C,6,2.6
2,NA,NA,NA,blank,negative_ant,NA,739,NA,D6,D,6,2.6
2,NA,NA,NA,blank,blank_pbs,NA,88.5,NA,E6,E,6,2.6
2,NA,NA,NA,blank,blank_pbs,NA,91.75,NA,F6,F,6,2.6
2,NA,NA,NA,blank,blank_pbs,NA,94.5,NA,G6,G,6,2.6
2,NA,NA,NA,blank,blank_pbs,NA,87,NA,H6,H,6,2.6