Observation.id,Observation.date,Description,Media.file,Total.length,FPS,Subject,Behavior,Behavioral.category,Modifiers,Behavior.type,Start..s.,Stop..s.,Duration..s.,Comment.start,Comment.stop
21,31.10.2024 16:14,NA,/media/ael/DISK_Z/data/GFG/batch 2/21/01181.MTS,1783.24,50,FOCAL,R,NA,NA,STATE,23.735,24.815,1.08,NA,NA
21,31.10.2024 16:14,NA,/media/ael/DISK_Z/data/GFG/batch 2/21/01181.MTS,1783.24,50,FOCAL,G,NA,NA,STATE,96.892,110.301,13.409,NA,NA
21,31.10.2024 16:14,NA,/media/ael/DISK_Z/data/GFG/batch 2/21/01181.MTS,1783.24,50,ANT2,A,NA,NA,STATE,281.454,284.874,3.42,NA,NA
21,31.10.2024 16:14,NA,/media/ael/DISK_Z/data/GFG/batch 2/21/01181.MTS,1783.24,50,FOCAL,R,NA,NA,STATE,299.362,300.351,0.989,NA,NA
21,31.10.2024 16:14,NA,/media/ael/DISK_Z/data/GFG/batch 2/21/01181.MTS,1783.24,50,FOCAL,A,NA,NA,STATE,312.052,315.561,3.509,NA,NA
21,31.10.2024 16:14,NA,/media/ael/DISK_Z/data/GFG/batch 2/21/01181.MTS,1783.24,50,FOCAL,A,NA,NA,STATE,319.431,323.392,3.961,NA,NA
21,31.10.2024 16:14,NA,/media/ael/DISK_Z/data/GFG/batch 2/21/01181.MTS,1783.24,50,FOCAL,G,NA,NA,STATE,328.072,347.601,19.529,NA,NA
21,31.10.2024 16:14,NA,/media/ael/DISK_Z/data/GFG/batch 2/21/01181.MTS,1783.24,50,ANT2,A,NA,NA,STATE,351.741,360.652,8.911,NA,NA
21,31.10.2024 16:14,NA,/media/ael/DISK_Z/data/GFG/batch 2/21/01181.MTS,1783.24,50,ANT2,A,NA,NA,STATE,372.712,379.461,6.749,NA,NA
21,31.10.2024 16:14,NA,/media/ael/DISK_Z/data/GFG/batch 2/21/01181.MTS,1783.24,50,ANT2,A,NA,NA,STATE,396.742,400.252,3.51,NA,NA
22,05.11.2024 19:30,NA,/media/ael/DISK_Z/data/GFG/batch 2/22/01184.MTS,1770.34,50,FOCAL,G,NA,NA,STATE,24.725,25.805,1.08,NA,NA
22,05.11.2024 19:30,NA,/media/ael/DISK_Z/data/GFG/batch 2/22/01184.MTS,1770.34,50,FOCAL,G,NA,NA,STATE,37.233,38.615,1.382,NA,NA
22,05.11.2024 19:30,NA,/media/ael/DISK_Z/data/GFG/batch 2/22/01184.MTS,1770.34,50,FOCAL,G,NA,NA,STATE,46.86,47.13,0.27,NA,NA
22,05.11.2024 19:30,NA,/media/ael/DISK_Z/data/GFG/batch 2/22/01184.MTS,1770.34,50,FOCAL,G,NA,NA,STATE,67.195,67.915,0.72,NA,NA
22,05.11.2024 19:30,NA,/media/ael/DISK_Z/data/GFG/batch 2/22/01184.MTS,1770.34,50,FOCAL,G,NA,NA,STATE,68.455,69.175,0.72,NA,NA
22,05.11.2024 19:30,NA,/media/ael/DISK_Z/data/GFG/batch 2/22/01184.MTS,1770.34,50,FOCAL,G,NA,NA,STATE,70.075,83.212,13.137,NA,NA
22,05.11.2024 19:30,NA,/media/ael/DISK_Z/data/GFG/batch 2/22/01184.MTS,1770.34,50,FOCAL,G,NA,NA,STATE,133.239,135.668,2.429,NA,NA
22,05.11.2024 19:30,NA,/media/ael/DISK_Z/data/GFG/batch 2/22/01184.MTS,1770.34,50,FOCAL,G,NA,NA,STATE,145.025,149.524,4.499,NA,NA
22,05.11.2024 19:30,NA,/media/ael/DISK_Z/data/GFG/batch 2/22/01184.MTS,1770.34,50,FOCAL,G,NA,NA,STATE,162.21,185.966,23.756,NA,NA
22,05.11.2024 19:30,NA,/media/ael/DISK_Z/data/GFG/batch 2/22/01184.MTS,1770.34,50,FOCAL,G,NA,NA,STATE,232.308,234.647,2.339,NA,NA
22,05.11.2024 19:30,NA,/media/ael/DISK_Z/data/GFG/batch 2/22/01184.MTS,1770.34,50,FOCAL,G,NA,NA,STATE,246.345,247.695,1.35,NA,NA
22,05.11.2024 19:30,NA,/media/ael/DISK_Z/data/GFG/batch 2/22/01184.MTS,1770.34,50,FOCAL,G,NA,NA,STATE,262.81,263.71,0.9,NA,NA
22,05.11.2024 19:30,NA,/media/ael/DISK_Z/data/GFG/batch 2/22/01184.MTS,1770.34,50,FOCAL,G,NA,NA,STATE,273.193,277.297,4.104,NA,NA
22,05.11.2024 19:30,NA,/media/ael/DISK_Z/data/GFG/batch 2/22/01184.MTS,1770.34,50,FOCAL,G,NA,NA,STATE,277.837,286.205,8.368,NA,NA
22,05.11.2024 19:30,NA,/media/ael/DISK_Z/data/GFG/batch 2/22/01184.MTS,1770.34,50,FOCAL,G,NA,NA,STATE,351.529,352.338,0.809,NA,NA
22,05.11.2024 19:30,NA,/media/ael/DISK_Z/data/GFG/batch 2/22/01184.MTS,1770.34,50,FOCAL,G,NA,NA,STATE,360.526,366.195,5.669,NA,NA
22,05.11.2024 19:30,NA,/media/ael/DISK_Z/data/GFG/batch 2/22/01184.MTS,1770.34,50,FOCAL,G,NA,NA,STATE,397.686,399.306,1.62,NA,NA
22,05.11.2024 19:30,NA,/media/ael/DISK_Z/data/GFG/batch 2/22/01184.MTS,1770.34,50,FOCAL,G,NA,NA,STATE,435.12,437.1,1.98,NA,NA
22,05.11.2024 19:30,NA,/media/ael/DISK_Z/data/GFG/batch 2/22/01184.MTS,1770.34,50,FOCAL,G,NA,NA,STATE,449.337,451.766,2.429,NA,NA
22,05.11.2024 19:30,NA,/media/ael/DISK_Z/data/GFG/batch 2/22/01184.MTS,1770.34,50,FOCAL,G,NA,NA,STATE,473.814,475.704,1.89,NA,NA
22,05.11.2024 19:30,NA,/media/ael/DISK_Z/data/GFG/batch 2/22/01184.MTS,1770.34,50,FOCAL,G,NA,NA,STATE,482.994,484.614,1.62,NA,NA
22,05.11.2024 19:30,NA,/media/ael/DISK_Z/data/GFG/batch 2/22/01184.MTS,1770.34,50,FOCAL,G,NA,NA,STATE,485.154,490.282,5.128,NA,NA
22,05.11.2024 19:30,NA,/media/ael/DISK_Z/data/GFG/batch 2/22/01184.MTS,1770.34,50,FOCAL,G,NA,NA,STATE,498.65,501.169,2.519,NA,NA
22,05.11.2024 19:30,NA,/media/ael/DISK_Z/data/GFG/batch 2/22/01184.MTS,1770.34,50,FOCAL,G,NA,NA,STATE,503.149,506.028,2.879,NA,NA
22,05.11.2024 19:30,NA,/media/ael/DISK_Z/data/GFG/batch 2/22/01184.MTS,1770.34,50,FOCAL,G,NA,NA,STATE,507.108,534.911,27.803,NA,NA
22,05.11.2024 19:30,NA,/media/ael/DISK_Z/data/GFG/batch 2/22/01185.MTS,1770.34,50,FOCAL,G,NA,NA,STATE,638.379,641.078,2.699,NA,NA
22,05.11.2024 19:30,NA,/media/ael/DISK_Z/data/GFG/batch 2/22/01185.MTS,1770.34,50,FOCAL,G,NA,NA,STATE,641.618,644.318,2.7,NA,NA
22,05.11.2024 19:30,NA,/media/ael/DISK_Z/data/GFG/batch 2/22/01185.MTS,1770.34,50,FOCAL,G,NA,NA,STATE,648.816,651.246,2.43,NA,NA
22,05.11.2024 19:30,NA,/media/ael/DISK_Z/data/GFG/batch 2/22/01185.MTS,1770.34,50,FOCAL,G,NA,NA,STATE,729.797,730.876,1.079,NA,NA
22,05.11.2024 19:30,NA,/media/ael/DISK_Z/data/GFG/batch 2/22/01185.MTS,1770.34,50,FOCAL,G,NA,NA,STATE,745.543,747.072,1.529,NA,NA
22,05.11.2024 19:30,NA,/media/ael/DISK_Z/data/GFG/batch 2/22/01185.MTS,1770.34,50,FOCAL,G,NA,NA,STATE,778.656,780.276,1.62,NA,NA
22,05.11.2024 19:30,NA,/media/ael/DISK_Z/data/GFG/batch 2/22/01185.MTS,1770.34,50,FOCAL,G,NA,NA,STATE,795.393,796.744,1.351,NA,NA
23,05.11.2024 12:51,NA,/media/ael/DISK_Z/data/GFG/batch 2/23/01187.MTS,1790.47,50,FOCAL,G,NA,NA,STATE,32.916,43.443,10.527,NA,NA
23,05.11.2024 12:51,NA,/media/ael/DISK_Z/data/GFG/batch 2/23/01187.MTS,1790.47,50,FOCAL,G,NA,NA,STATE,45.873,107.688,61.815,NA,NA
23,05.11.2024 12:51,NA,/media/ael/DISK_Z/data/GFG/batch 2/23/01187.MTS,1790.47,50,FOCAL,G,NA,NA,STATE,123.615,126.854,3.239,NA,NA
23,05.11.2024 12:51,NA,/media/ael/DISK_Z/data/GFG/batch 2/23/01187.MTS,1790.47,50,FOCAL,G,NA,NA,STATE,169.776,175.174,5.398,NA,NA
23,05.11.2024 12:51,NA,/media/ael/DISK_Z/data/GFG/batch 2/23/01187.MTS,1790.47,50,FOCAL,G,NA,NA,STATE,190.561,196.5,5.939,NA,NA
23,05.11.2024 12:51,NA,/media/ael/DISK_Z/data/GFG/batch 2/23/01187.MTS,1790.47,50,FOCAL,G,NA,NA,STATE,206.218,210.537,4.319,NA,NA
24,05.11.2024 13:00,NA,/media/ael/DISK_Z/data/GFG/batch 2/24/01190.MTS,1745.83,50,FOCAL,G,NA,NA,STATE,67.38,71.609,4.229,NA,NA
24,05.11.2024 13:00,NA,/media/ael/DISK_Z/data/GFG/batch 2/24/01190.MTS,1745.83,50,FOCAL,G,NA,NA,STATE,80.429,92.578,12.149,NA,NA
24,05.11.2024 13:00,NA,/media/ael/DISK_Z/data/GFG/batch 2/24/01190.MTS,1745.83,50,FOCAL,G,NA,NA,STATE,112.824,117.413,4.589,NA,NA
24,05.11.2024 13:00,NA,/media/ael/DISK_Z/data/GFG/batch 2/24/01190.MTS,1745.83,50,FOCAL,G,NA,NA,STATE,118.493,164.112,45.619,NA,NA
24,05.11.2024 13:00,NA,/media/ael/DISK_Z/data/GFG/batch 2/24/01190.MTS,1745.83,50,FOCAL,G,NA,NA,STATE,247.794,248.874,1.08,NA,NA
24,05.11.2024 13:00,NA,/media/ael/DISK_Z/data/GFG/batch 2/24/01190.MTS,1745.83,50,FOCAL,G,NA,NA,STATE,251.394,253.553,2.159,NA,NA
24,05.11.2024 13:00,NA,/media/ael/DISK_Z/data/GFG/batch 2/24/01190.MTS,1745.83,50,FOCAL,G,NA,NA,STATE,347.94,377.364,29.424,NA,NA
24,05.11.2024 13:00,NA,/media/ael/DISK_Z/data/GFG/batch 2/24/01190.MTS,1745.83,50,FOCAL,G,NA,NA,STATE,412.186,432.793,20.607,NA,NA
24,05.11.2024 13:00,NA,/media/ael/DISK_Z/data/GFG/batch 2/24/01191.MTS,1745.83,50,ANT2,A,NA,NA,STATE,754.645,810.611,55.966,NA,NA
24,05.11.2024 13:00,NA,/media/ael/DISK_Z/data/GFG/batch 2/24/01191.MTS,1745.83,50,ANT2,A,NA,NA,STATE,814.571,815.65,1.079,NA,NA
24,05.11.2024 13:00,NA,/media/ael/DISK_Z/data/GFG/batch 2/24/01191.MTS,1745.83,50,ANT2,A,NA,NA,STATE,835.81,871.892,36.082,NA,NA
25,05.11.2024 13:25,NA,/media/ael/DISK_Z/data/GFG/batch 2/25/01193.MTS,1793.83,50,FOCAL,G,NA,NA,STATE,13.747,17.79,4.043,NA,NA
25,05.11.2024 13:25,NA,/media/ael/DISK_Z/data/GFG/batch 2/25/01193.MTS,1793.83,50,FOCAL,G,NA,NA,STATE,33.183,39.751,6.568,NA,NA
25,05.11.2024 13:25,NA,/media/ael/DISK_Z/data/GFG/batch 2/25/01193.MTS,1793.83,50,ANT2,A,NA,NA,STATE,73.673,79.162,5.489,NA,NA
25,05.11.2024 13:25,NA,/media/ael/DISK_Z/data/GFG/batch 2/25/01193.MTS,1793.83,50,ANT2,A,NA,NA,STATE,80.871,86,5.129,NA,NA
25,05.11.2024 13:25,NA,/media/ael/DISK_Z/data/GFG/batch 2/25/01193.MTS,1793.83,50,ANT2,A,NA,NA,STATE,89.509,98.326,8.817,NA,NA
25,05.11.2024 13:25,NA,/media/ael/DISK_Z/data/GFG/batch 2/25/01193.MTS,1793.83,50,FOCAL,G,NA,NA,STATE,128.562,141.249,12.687,NA,NA
25,05.11.2024 13:25,NA,/media/ael/DISK_Z/data/GFG/batch 2/25/01193.MTS,1793.83,50,FOCAL,A,NA,NA,STATE,257.414,263.173,5.759,NA,NA
25,05.11.2024 13:25,NA,/media/ael/DISK_Z/data/GFG/batch 2/25/01193.MTS,1793.83,50,FOCAL,G,NA,NA,STATE,264.073,265.692,1.619,NA,NA
25,05.11.2024 13:25,NA,/media/ael/DISK_Z/data/GFG/batch 2/25/01193.MTS,1793.83,50,FOCAL,G,NA,NA,STATE,269.743,272.712,2.969,NA,NA
25,05.11.2024 13:25,NA,/media/ael/DISK_Z/data/GFG/batch 2/25/01193.MTS,1793.83,50,FOCAL,A,NA,NA,STATE,273.792,274.872,1.08,NA,NA
25,05.11.2024 13:25,NA,/media/ael/DISK_Z/data/GFG/batch 2/25/01193.MTS,1793.83,50,FOCAL,G,NA,NA,STATE,275.952,277.841,1.889,NA,NA
25,05.11.2024 13:25,NA,/media/ael/DISK_Z/data/GFG/batch 2/25/01193.MTS,1793.83,50,FOCAL,A,NA,NA,STATE,278.651,282.432,3.781,NA,NA
25,05.11.2024 13:25,NA,/media/ael/DISK_Z/data/GFG/batch 2/25/01193.MTS,1793.83,50,FOCAL,G,NA,NA,STATE,284.321,288.641,4.32,NA,NA
25,05.11.2024 13:25,NA,/media/ael/DISK_Z/data/GFG/batch 2/25/01193.MTS,1793.83,50,FOCAL,G,NA,NA,STATE,292.15,299.441,7.291,NA,NA
26,05.11.2024 15:02,NA,/media/ael/DISK_Z/data/GFG/batch 2/26/01197.MTS,1751.14,50,FOCAL,G,NA,NA,STATE,40.379,46.408,6.029,NA,NA
26,05.11.2024 15:02,NA,/media/ael/DISK_Z/data/GFG/batch 2/26/01197.MTS,1751.14,50,FOCAL,G,NA,NA,STATE,53.876,55.226,1.35,NA,NA
26,05.11.2024 15:02,NA,/media/ael/DISK_Z/data/GFG/batch 2/26/01197.MTS,1751.14,50,FOCAL,G,NA,NA,STATE,151.414,153.843,2.429,NA,NA
26,05.11.2024 15:02,NA,/media/ael/DISK_Z/data/GFG/batch 2/26/01197.MTS,1751.14,50,FOCAL,G,NA,NA,STATE,198.857,204.503,5.646,NA,NA
26,05.11.2024 15:02,NA,/media/ael/DISK_Z/data/GFG/batch 2/26/01197.MTS,1751.14,50,FOCAL,G,NA,NA,STATE,252.014,257.053,5.039,NA,NA
26,05.11.2024 15:02,NA,/media/ael/DISK_Z/data/GFG/batch 2/26/01197.MTS,1751.14,50,FOCAL,G,NA,NA,STATE,314.281,317.519,3.238,NA,NA
26,05.11.2024 15:02,NA,/media/ael/DISK_Z/data/GFG/batch 2/26/01197.MTS,1751.14,50,FOCAL,G,NA,NA,STATE,328.498,335.066,6.568,NA,NA
26,05.11.2024 15:02,NA,/media/ael/DISK_Z/data/GFG/batch 2/26/01197.MTS,1751.14,50,FOCAL,G,NA,NA,STATE,400.118,404.167,4.049,NA,NA
26,05.11.2024 15:02,NA,/media/ael/DISK_Z/data/GFG/batch 2/26/01197.MTS,1751.14,50,FOCAL,G,NA,NA,STATE,426.393,428.822,2.429,NA,NA
26,05.11.2024 15:02,NA,/media/ael/DISK_Z/data/GFG/batch 2/26/01197.MTS,1751.14,50,FOCAL,G,NA,NA,STATE,484.699,491.538,6.839,NA,NA
26,05.11.2024 15:02,NA,/media/ael/DISK_Z/data/GFG/batch 2/26/01197.MTS,1751.14,50,FOCAL,G,NA,NA,STATE,511.514,513.133,1.619,NA,NA
26,05.11.2024 15:02,NA,/media/ael/DISK_Z/data/GFG/batch 2/26/01197.MTS,1751.14,50,FOCAL,G,NA,NA,STATE,587.549,596.459,8.91,NA,NA
26,05.11.2024 15:02,NA,/media/ael/DISK_Z/data/GFG/batch 2/26/01198.MTS,1751.14,50,FOCAL,G,NA,NA,STATE,668.163,682.47,14.307,NA,NA
26,05.11.2024 15:02,NA,/media/ael/DISK_Z/data/GFG/batch 2/26/01198.MTS,1751.14,50,FOCAL,G,NA,NA,STATE,723.769,727.548,3.779,NA,NA
26,05.11.2024 15:02,NA,/media/ael/DISK_Z/data/GFG/batch 2/26/01198.MTS,1751.14,50,FOCAL,G,NA,NA,STATE,730.788,731.598,0.81,NA,NA
26,05.11.2024 15:02,NA,/media/ael/DISK_Z/data/GFG/batch 2/26/01198.MTS,1751.14,50,FOCAL,G,NA,NA,STATE,773.71,776.589,2.879,NA,NA
26,05.11.2024 15:02,NA,/media/ael/DISK_Z/data/GFG/batch 2/26/01198.MTS,1751.14,50,FOCAL,G,NA,NA,STATE,778.749,796.294,17.545,NA,NA
26,05.11.2024 15:02,NA,/media/ael/DISK_Z/data/GFG/batch 2/26/01198.MTS,1751.14,50,FOCAL,G,NA,NA,STATE,797.913,800.343,2.43,NA,NA
27,05.11.2024 20:01,NA,/media/ael/DISK_Z/data/GFG/batch 2/27/01200.MTS,1793.86,50,FOCAL,G,NA,NA,STATE,30.032,32.552,2.52,,NA
27,05.11.2024 20:01,NA,/media/ael/DISK_Z/data/GFG/batch 2/27/01200.MTS,1793.86,50,FOCAL,G,NA,NA,STATE,49.287,49.827,0.54,,NA
27,05.11.2024 20:01,NA,/media/ael/DISK_Z/data/GFG/batch 2/27/01200.MTS,1793.86,50,FOCAL,G,NA,NA,STATE,56.845,62.244,5.399,,NA
27,05.11.2024 20:01,NA,/media/ael/DISK_Z/data/GFG/batch 2/27/01200.MTS,1793.86,50,FOCAL,G,NA,NA,STATE,71.331,90.047,18.716,,NA
27,05.11.2024 20:01,NA,/media/ael/DISK_Z/data/GFG/batch 2/27/01200.MTS,1793.86,50,FOCAL,P,NA,NA,STATE,80.509,88.337,7.828,GROOMING,NA
27,05.11.2024 20:01,NA,/media/ael/DISK_Z/data/GFG/batch 2/27/01200.MTS,1793.86,50,FOCAL,G,NA,NA,STATE,92.746,121.993,29.247,,NA
27,05.11.2024 20:01,NA,/media/ael/DISK_Z/data/GFG/batch 2/27/01200.MTS,1793.86,50,FOCAL,G,NA,NA,STATE,141.969,146.018,4.049,,NA
27,05.11.2024 20:01,NA,/media/ael/DISK_Z/data/GFG/batch 2/27/01200.MTS,1793.86,50,FOCAL,G,NA,NA,STATE,218.99,226.82,7.83,,NA
27,05.11.2024 20:01,NA,/media/ael/DISK_Z/data/GFG/batch 2/27/01200.MTS,1793.86,50,ANT2,A,NA,NA,STATE,237.617,238.607,0.99,,NA
27,05.11.2024 20:01,NA,/media/ael/DISK_Z/data/GFG/batch 2/27/01200.MTS,1793.86,50,FOCAL,G,NA,NA,STATE,263.354,275.051,11.697,,NA
27,05.11.2024 20:01,NA,/media/ael/DISK_Z/data/GFG/batch 2/27/01200.MTS,1793.86,50,FOCAL,G,NA,NA,STATE,286.028,287.108,1.08,,NA
27,05.11.2024 20:01,NA,/media/ael/DISK_Z/data/GFG/batch 2/27/01200.MTS,1793.86,50,FOCAL,G,NA,NA,STATE,293.946,296.826,2.88,,NA
27,05.11.2024 20:01,NA,/media/ael/DISK_Z/data/GFG/batch 2/27/01200.MTS,1793.86,50,FOCAL,G,NA,NA,STATE,297.365,338.574,41.209,,NA
27,05.11.2024 20:01,NA,/media/ael/DISK_Z/data/GFG/batch 2/27/01200.MTS,1793.86,50,FOCAL,P,NA,NA,STATE,307.893,335.875,27.982,GROOMING,NA
27,05.11.2024 20:01,NA,/media/ael/DISK_Z/data/GFG/batch 2/27/01200.MTS,1793.86,50,ANT2,A,NA,NA,STATE,342.533,349.822,7.289,,NA
27,05.11.2024 20:01,NA,/media/ael/DISK_Z/data/GFG/batch 2/27/01200.MTS,1793.86,50,ANT2,A,NA,NA,STATE,604.921,606.001,1.08,,NA
27,05.11.2024 20:01,NA,/media/ael/DISK_Z/data/GFG/batch 2/27/01200.MTS,1793.86,50,ANT2,A,NA,NA,STATE,617.428,618.777,1.349,,NA
27,05.11.2024 20:01,NA,/media/ael/DISK_Z/data/GFG/batch 2/27/01201.MTS,1793.86,50,FOCAL,G,NA,NA,STATE,676.259,680.667,4.408,,NA
27,05.11.2024 20:01,NA,/media/ael/DISK_Z/data/GFG/batch 2/27/01201.MTS,1793.86,50,FOCAL,G,NA,NA,STATE,685.166,703.432,18.266,,NA
27,05.11.2024 20:01,NA,/media/ael/DISK_Z/data/GFG/batch 2/27/01201.MTS,1793.86,50,FOCAL,G,NA,NA,STATE,833.903,924.337,90.434,,NA
28,05.11.2024 21:54,NA,/media/ael/DISK_Z/data/GFG/batch 2/28/01203.MTS,1768.9,50,FOCAL,G,NA,NA,STATE,16.986,17.976,0.99,NA,NA
28,05.11.2024 21:54,NA,/media/ael/DISK_Z/data/GFG/batch 2/28/01203.MTS,1768.9,50,FOCAL,G,NA,NA,STATE,23.194,26.433,3.239,NA,NA
28,05.11.2024 21:54,NA,/media/ael/DISK_Z/data/GFG/batch 2/28/01203.MTS,1768.9,50,FOCAL,G,NA,NA,STATE,36.693,41.822,5.129,NA,NA
28,05.11.2024 21:54,NA,/media/ael/DISK_Z/data/GFG/batch 2/28/01203.MTS,1768.9,50,FOCAL,G,NA,NA,STATE,74.665,81.503,6.838,NA,NA
28,05.11.2024 21:54,NA,/media/ael/DISK_Z/data/GFG/batch 2/28/01203.MTS,1768.9,50,FOCAL,G,NA,NA,STATE,92.843,111.468,18.625,NA,NA
28,05.11.2024 21:54,NA,/media/ael/DISK_Z/data/GFG/batch 2/28/01203.MTS,1768.9,50,FOCAL,G,NA,NA,STATE,125.594,126.134,0.54,NA,NA
28,05.11.2024 21:54,NA,/media/ael/DISK_Z/data/GFG/batch 2/28/01203.MTS,1768.9,50,FOCAL,G,NA,NA,STATE,127.753,128.293,0.54,NA,NA
28,05.11.2024 21:54,NA,/media/ael/DISK_Z/data/GFG/batch 2/28/01203.MTS,1768.9,50,FOCAL,G,NA,NA,STATE,168.062,181.559,13.497,NA,NA
28,05.11.2024 21:54,NA,/media/ael/DISK_Z/data/GFG/batch 2/28/01203.MTS,1768.9,50,FOCAL,G,NA,NA,STATE,205.854,206.664,0.81,NA,NA
28,05.11.2024 21:54,NA,/media/ael/DISK_Z/data/GFG/batch 2/28/01203.MTS,1768.9,50,FOCAL,G,NA,NA,STATE,207.474,222.503,15.029,NA,NA
28,05.11.2024 21:54,NA,/media/ael/DISK_Z/data/GFG/batch 2/28/01203.MTS,1768.9,50,ANT2,A,NA,NA,STATE,221.693,222.683,0.99,NA,NA
28,05.11.2024 21:54,NA,/media/ael/DISK_Z/data/GFG/batch 2/28/01203.MTS,1768.9,50,FOCAL,G,NA,NA,STATE,283.328,289.806,6.478,NA,NA
28,05.11.2024 21:54,NA,/media/ael/DISK_Z/data/GFG/batch 2/28/01203.MTS,1768.9,50,FOCAL,G,NA,NA,STATE,367.459,372.858,5.399,NA,NA
28,05.11.2024 21:54,NA,/media/ael/DISK_Z/data/GFG/batch 2/28/01203.MTS,1768.9,50,FOCAL,G,NA,NA,STATE,490.64,494.51,3.87,NA,NA
28,05.11.2024 21:54,NA,/media/ael/DISK_Z/data/GFG/batch 2/28/01203.MTS,1768.9,50,FOCAL,G,NA,NA,STATE,497.749,499.008,1.259,NA,NA
28,05.11.2024 21:54,NA,/media/ael/DISK_Z/data/GFG/batch 2/28/01203.MTS,1768.9,50,FOCAL,G,NA,NA,STATE,517.903,522.222,4.319,NA,NA
28,05.11.2024 21:54,NA,/media/ael/DISK_Z/data/GFG/batch 2/28/01203.MTS,1768.9,50,FOCAL,G,NA,NA,STATE,522.762,530.32,7.558,NA,NA
28,05.11.2024 21:54,NA,/media/ael/DISK_Z/data/GFG/batch 2/28/01203.MTS,1768.9,50,FOCAL,G,NA,NA,STATE,530.86,531.67,0.81,NA,NA
28,05.11.2024 21:54,NA,/media/ael/DISK_Z/data/GFG/batch 2/28/01203.MTS,1768.9,50,FOCAL,G,NA,NA,STATE,533.559,534.369,0.81,NA,NA
28,05.11.2024 21:54,NA,/media/ael/DISK_Z/data/GFG/batch 2/28/01203.MTS,1768.9,50,FOCAL,G,NA,NA,STATE,543.818,558.034,14.216,NA,NA
28,05.11.2024 21:54,NA,/media/ael/DISK_Z/data/GFG/batch 2/28/01203.MTS,1768.9,50,FOCAL,G,NA,NA,STATE,563.702,568.021,4.319,NA,NA
28,05.11.2024 21:54,NA,/media/ael/DISK_Z/data/GFG/batch 2/28/01203.MTS,1768.9,50,FOCAL,G,NA,NA,STATE,571.53,579.448,7.918,NA,NA
28,05.11.2024 21:54,NA,/media/ael/DISK_Z/data/GFG/batch 2/28/01204.MTS,1768.9,50,FOCAL,G,NA,NA,STATE,730.157,751.572,21.415,NA,NA
28,05.11.2024 21:54,NA,/media/ael/DISK_Z/data/GFG/batch 2/28/01204.MTS,1768.9,50,FOCAL,G,NA,NA,STATE,808.347,816.984,8.637,NA,NA
28,05.11.2024 21:54,NA,/media/ael/DISK_Z/data/GFG/batch 2/28/01204.MTS,1768.9,50,FOCAL,G,NA,NA,STATE,819.144,819.864,0.72,NA,NA
29,06.11.2024 11:21,NA,/media/ael/DISK_Z/data/GFG/batch 2/29/01206.MTS,1796.26,50,ANT2,A,NA,NA,STATE,37.502,43.8,6.298,NA,NA
29,06.11.2024 11:21,NA,/media/ael/DISK_Z/data/GFG/batch 2/29/01206.MTS,1796.26,50,ANT2,A,NA,NA,STATE,44.52,92.213,47.693,NA,NA
29,06.11.2024 11:21,NA,/media/ael/DISK_Z/data/GFG/batch 2/29/01206.MTS,1796.26,50,ANT2,A,NA,NA,STATE,135.136,239.959,104.823,NA,NA
29,06.11.2024 11:21,NA,/media/ael/DISK_Z/data/GFG/batch 2/29/01206.MTS,1796.26,50,FOCAL,G,NA,NA,STATE,243.108,245.268,2.16,NA,NA
29,06.11.2024 11:21,NA,/media/ael/DISK_Z/data/GFG/batch 2/29/01206.MTS,1796.26,50,FOCAL,G,NA,NA,STATE,247.157,249.227,2.07,NA,NA
29,06.11.2024 11:21,NA,/media/ael/DISK_Z/data/GFG/batch 2/29/01206.MTS,1796.26,50,ANT2,A,NA,NA,STATE,249.137,285.847,36.71,NA,NA
29,06.11.2024 11:21,NA,/media/ael/DISK_Z/data/GFG/batch 2/29/01206.MTS,1796.26,50,ANT2,A,NA,NA,STATE,288.006,291.965,3.959,NA,NA
29,06.11.2024 11:21,NA,/media/ael/DISK_Z/data/GFG/batch 2/29/01206.MTS,1796.26,50,ANT2,A,NA,NA,STATE,311.76,394.633,82.873,NA,NA
29,06.11.2024 11:21,NA,/media/ael/DISK_Z/data/GFG/batch 2/29/01206.MTS,1796.26,50,FOCAL,G,NA,NA,STATE,401.741,409.839,8.098,NA,NA
29,06.11.2024 11:21,NA,/media/ael/DISK_Z/data/GFG/batch 2/29/01206.MTS,1796.26,50,FOCAL,G,NA,NA,STATE,446.369,459.416,13.047,NA,NA
29,06.11.2024 11:21,NA,/media/ael/DISK_Z/data/GFG/batch 2/29/01206.MTS,1796.26,50,ANT2,A,NA,NA,STATE,464.365,555.163,90.798,NA,NA
29,06.11.2024 11:21,NA,/media/ael/DISK_Z/data/GFG/batch 2/29/01206.MTS,1796.26,50,FOCAL,G,NA,NA,STATE,589.263,599.251,9.988,NA,NA
29,06.11.2024 11:21,NA,/media/ael/DISK_Z/data/GFG/batch 2/29/01206.MTS,1796.26,50,FOCAL,G,NA,NA,STATE,604.649,607.349,2.7,NA,NA
29,06.11.2024 11:21,NA,/media/ael/DISK_Z/data/GFG/batch 2/29/01206.MTS,1796.26,50,FOCAL,G,NA,NA,STATE,617.606,657.364,39.758,NA,NA
29,06.11.2024 11:21,NA,/media/ael/DISK_Z/data/GFG/batch 2/29/01207.MTS,1796.26,50,FOCAL,G,NA,NA,STATE,659.074,672.3,13.226,NA,NA
29,06.11.2024 11:21,NA,/media/ael/DISK_Z/data/GFG/batch 2/29/01207.MTS,1796.26,50,FOCAL,G,NA,NA,STATE,697.676,714.684,17.008,NA,NA
30,06.11.2024 11:52,NA,/media/ael/DISK_Z/data/GFG/batch 2/30/01209.MTS,1760.26,50,FOCAL,G,NA,NA,STATE,37.951,46.318,8.367,NA,NA
30,06.11.2024 11:52,NA,/media/ael/DISK_Z/data/GFG/batch 2/30/01209.MTS,1760.26,50,FOCAL,G,NA,NA,STATE,57.027,61.076,4.049,NA,NA
30,06.11.2024 11:52,NA,/media/ael/DISK_Z/data/GFG/batch 2/30/01209.MTS,1760.26,50,FOCAL,G,NA,NA,STATE,85.553,99.861,14.308,NA,NA
30,06.11.2024 11:52,NA,/media/ael/DISK_Z/data/GFG/batch 2/30/01209.MTS,1760.26,50,FOCAL,G,NA,NA,STATE,117.768,126.945,9.177,NA,NA
30,06.11.2024 11:52,NA,/media/ael/DISK_Z/data/GFG/batch 2/30/01209.MTS,1760.26,50,FOCAL,G,NA,NA,STATE,139.902,140.531,0.629,NA,NA
30,06.11.2024 11:52,NA,/media/ael/DISK_Z/data/GFG/batch 2/30/01209.MTS,1760.26,50,FOCAL,G,NA,NA,STATE,171.663,183.63,11.967,NA,NA
30,06.11.2024 11:52,NA,/media/ael/DISK_Z/data/GFG/batch 2/30/01209.MTS,1760.26,50,FOCAL,G,NA,NA,STATE,189.298,202.524,13.226,NA,NA
30,06.11.2024 11:52,NA,/media/ael/DISK_Z/data/GFG/batch 2/30/01209.MTS,1760.26,50,FOCAL,G,NA,NA,STATE,203.064,218.182,15.118,NA,NA
30,06.11.2024 11:52,NA,/media/ael/DISK_Z/data/GFG/batch 2/30/01209.MTS,1760.26,50,FOCAL,G,NA,NA,STATE,244.549,268.847,24.298,NA,NA
30,06.11.2024 11:52,NA,/media/ael/DISK_Z/data/GFG/batch 2/30/01209.MTS,1760.26,50,FOCAL,G,NA,NA,STATE,291.521,298.089,6.568,NA,NA
30,06.11.2024 11:52,NA,/media/ael/DISK_Z/data/GFG/batch 2/30/01209.MTS,1760.26,50,FOCAL,G,NA,NA,STATE,299.529,305.287,5.758,NA,NA
30,06.11.2024 11:52,NA,/media/ael/DISK_Z/data/GFG/batch 2/30/01209.MTS,1760.26,50,FOCAL,G,NA,NA,STATE,317.254,321.753,4.499,NA,NA
30,06.11.2024 11:52,NA,/media/ael/DISK_Z/data/GFG/batch 2/30/01209.MTS,1760.26,50,FOCAL,G,NA,NA,STATE,322.652,374.3,51.648,NA,NA
30,06.11.2024 11:52,NA,/media/ael/DISK_Z/data/GFG/batch 2/30/01209.MTS,1760.26,50,FOCAL,G,NA,NA,STATE,377.81,382.759,4.949,NA,NA
30,06.11.2024 11:52,NA,/media/ael/DISK_Z/data/GFG/batch 2/30/01209.MTS,1760.26,50,FOCAL,G,NA,NA,STATE,425.228,426.128,0.9,NA,NA
30,06.11.2024 11:52,NA,/media/ael/DISK_Z/data/GFG/batch 2/30/01209.MTS,1760.26,50,FOCAL,G,NA,NA,STATE,427.027,444.573,17.546,NA,NA
30,06.11.2024 11:52,NA,/media/ael/DISK_Z/data/GFG/batch 2/30/01209.MTS,1760.26,50,FOCAL,G,NA,NA,STATE,471.476,496.402,24.926,NA,NA
30,06.11.2024 11:52,NA,/media/ael/DISK_Z/data/GFG/batch 2/30/01210.MTS,1760.26,50,FOCAL,G,NA,NA,STATE,640.449,651.696,11.247,NA,NA
30,06.11.2024 11:52,NA,/media/ael/DISK_Z/data/GFG/batch 2/30/01210.MTS,1760.26,50,FOCAL,G,NA,NA,STATE,679.591,685.889,6.298,NA,NA
30,06.11.2024 11:52,NA,/media/ael/DISK_Z/data/GFG/batch 2/30/01210.MTS,1760.26,50,FOCAL,G,NA,NA,STATE,693.448,735.198,41.75,NA,NA
30,06.11.2024 11:52,NA,/media/ael/DISK_Z/data/GFG/batch 2/30/01210.MTS,1760.26,50,FOCAL,G,NA,NA,STATE,745.455,779.646,34.191,NA,NA
30,06.11.2024 11:52,NA,/media/ael/DISK_Z/data/GFG/batch 2/30/01210.MTS,1760.26,50,FOCAL,G,NA,NA,STATE,811.049,819.508,8.459,NA,NA
30,06.11.2024 11:52,NA,/media/ael/DISK_Z/data/GFG/batch 2/30/01210.MTS,1760.26,50,FOCAL,G,NA,NA,STATE,821.217,823.467,2.25,NA,NA
30,06.11.2024 11:52,NA,/media/ael/DISK_Z/data/GFG/batch 2/30/01210.MTS,1760.26,50,FOCAL,G,NA,NA,STATE,824.367,827.967,3.6,NA,NA
30,06.11.2024 11:52,NA,/media/ael/DISK_Z/data/GFG/batch 2/30/01210.MTS,1760.26,50,FOCAL,G,NA,NA,STATE,850.106,851.456,1.35,NA,NA
30,06.11.2024 11:52,NA,/media/ael/DISK_Z/data/GFG/batch 2/30/01210.MTS,1760.26,50,FOCAL,G,NA,NA,STATE,858.024,862.524,4.5,NA,NA
30,06.11.2024 11:52,NA,/media/ael/DISK_Z/data/GFG/batch 2/30/01210.MTS,1760.26,50,FOCAL,G,NA,NA,STATE,866.573,883.398,16.825,NA,NA
30,06.11.2024 11:52,NA,/media/ael/DISK_Z/data/GFG/batch 2/30/01210.MTS,1760.26,50,FOCAL,G,NA,NA,STATE,886.008,906.162,20.154,NA,NA
31,06.11.2024 12:09,NA,/media/ael/DISK_Z/data/GFG/batch 2/31/01100.MTS,1757.8,50,FOCAL,G,NA,NA,STATE,126.047,132.256,6.209,NA,NA
31,06.11.2024 12:09,NA,/media/ael/DISK_Z/data/GFG/batch 2/31/01100.MTS,1757.8,50,ANT2,A,NA,NA,STATE,187.325,193.534,6.209,NA,NA
31,06.11.2024 12:09,NA,/media/ael/DISK_Z/data/GFG/batch 2/31/01100.MTS,1757.8,50,FOCAL,G,NA,NA,STATE,231.235,241.763,10.528,NA,NA
31,06.11.2024 12:09,NA,/media/ael/DISK_Z/data/GFG/batch 2/31/01100.MTS,1757.8,50,FOCAL,G,NA,NA,STATE,256.072,267.949,11.877,NA,NA
31,06.11.2024 12:09,NA,/media/ael/DISK_Z/data/GFG/batch 2/31/01100.MTS,1757.8,50,FOCAL,G,NA,NA,STATE,630.929,684.634,53.705,NA,NA
32,06.11.2024 14:07,NA,/media/ael/DISK_Z/data/GFG/batch 2/32/01103.MTS,2267.56,50,FOCAL,G,NA,NA,STATE,31.295,46.692,15.397,NA,NA
32,06.11.2024 14:07,NA,/media/ael/DISK_Z/data/GFG/batch 2/32/01103.MTS,2267.56,50,FOCAL,G,NA,NA,STATE,95.904,99.953,4.049,NA,NA
32,06.11.2024 14:07,NA,/media/ael/DISK_Z/data/GFG/batch 2/32/01103.MTS,2267.56,50,FOCAL,G,NA,NA,STATE,109.761,116.06,6.299,NA,NA
32,06.11.2024 14:07,NA,/media/ael/DISK_Z/data/GFG/batch 2/32/01103.MTS,2267.56,50,FOCAL,G,NA,NA,STATE,135.675,150.973,15.298,NA,NA
32,06.11.2024 14:07,NA,/media/ael/DISK_Z/data/GFG/batch 2/32/01103.MTS,2267.56,50,FOCAL,G,NA,NA,STATE,235.469,238.439,2.97,NA,NA
32,06.11.2024 14:07,NA,/media/ael/DISK_Z/data/GFG/batch 2/32/01103.MTS,2267.56,50,FOCAL,G,NA,NA,STATE,238.979,261.926,22.947,NA,NA
32,06.11.2024 14:07,NA,/media/ael/DISK_Z/data/GFG/batch 2/32/01103.MTS,2267.56,50,FOCAL,G,NA,NA,STATE,334.985,360.44,25.455,NA,NA
32,06.11.2024 14:07,NA,/media/ael/DISK_Z/data/GFG/batch 2/32/01103.MTS,2267.56,50,FOCAL,G,NA,NA,STATE,389.429,393.208,3.779,NA,NA
32,06.11.2024 14:07,NA,/media/ael/DISK_Z/data/GFG/batch 2/32/01103.MTS,2267.56,50,FOCAL,G,NA,NA,STATE,400.048,426.145,26.097,NA,NA
32,06.11.2024 14:07,NA,/media/ael/DISK_Z/data/GFG/batch 2/32/01104.MTS,2267.56,50,FOCAL,G,NA,NA,STATE,509.915,522.038,12.123,NA,NA
32,06.11.2024 14:07,NA,/media/ael/DISK_Z/data/GFG/batch 2/32/01104.MTS,2267.56,50,FOCAL,G,NA,NA,STATE,553.714,591.509,37.795,NA,NA
32,06.11.2024 14:07,NA,/media/ael/DISK_Z/data/GFG/batch 2/32/01104.MTS,2267.56,50,FOCAL,G,NA,NA,STATE,626.241,634.609,8.368,NA,NA
32,06.11.2024 14:07,NA,/media/ael/DISK_Z/data/GFG/batch 2/32/01104.MTS,2267.56,50,FOCAL,G,NA,NA,STATE,636.229,682.658,46.429,NA,NA
33,06.11.2024 14:28,NA,/media/ael/DISK_Z/data/GFG/batch 2/33/01107.MTS,1746.76,50,FOCAL,G,NA,NA,STATE,224.673,226.562,1.889,NA,NA
33,06.11.2024 14:28,NA,/media/ael/DISK_Z/data/GFG/batch 2/33/01107.MTS,1746.76,50,FOCAL,G,NA,NA,STATE,227.102,231.781,4.679,NA,NA
33,06.11.2024 14:28,NA,/media/ael/DISK_Z/data/GFG/batch 2/33/01107.MTS,1746.76,50,FOCAL,G,NA,NA,STATE,576.508,585.147,8.639,NA,NA
33,06.11.2024 14:28,NA,/media/ael/DISK_Z/data/GFG/batch 2/33/01107.MTS,1746.76,50,FOCAL,G,NA,NA,STATE,586.227,588.926,2.699,NA,NA
33,06.11.2024 14:28,NA,/media/ael/DISK_Z/data/GFG/batch 2/33/01108.MTS,1746.76,50,FOCAL,G,NA,NA,STATE,746.538,758.416,11.878,NA,NA
33,06.11.2024 14:28,NA,/media/ael/DISK_Z/data/GFG/batch 2/33/01108.MTS,1746.76,50,FOCAL,G,NA,NA,STATE,773.444,777.133,3.689,NA,NA
34,06.11.2024 14:42,NA,/media/ael/DISK_Z/data/GFG/batch 2/34/01110.MTS,1702.12,50,FOCAL,G,NA,NA,STATE,6.189,7.089,0.9,NA,NA
34,06.11.2024 14:42,NA,/media/ael/DISK_Z/data/GFG/batch 2/34/01110.MTS,1702.12,50,FOCAL,G,NA,NA,STATE,54.868,58.017,3.149,NA,NA
34,06.11.2024 14:42,NA,/media/ael/DISK_Z/data/GFG/batch 2/34/01110.MTS,1702.12,50,FOCAL,G,NA,NA,STATE,118.757,123.705,4.948,NA,NA
34,06.11.2024 14:42,NA,/media/ael/DISK_Z/data/GFG/batch 2/34/01110.MTS,1702.12,50,FOCAL,G,NA,NA,STATE,215.396,229.794,14.398,NA,NA
34,06.11.2024 14:42,NA,/media/ael/DISK_Z/data/GFG/batch 2/34/01110.MTS,1702.12,50,FOCAL,G,NA,NA,STATE,390.955,399.505,8.55,NA,NA
34,06.11.2024 14:42,NA,/media/ael/DISK_Z/data/GFG/batch 2/34/01110.MTS,1702.12,50,FOCAL,G,NA,NA,STATE,442.614,449.364,6.75,NA,NA
34,06.11.2024 14:42,NA,/media/ael/DISK_Z/data/GFG/batch 2/34/01110.MTS,1702.12,50,FOCAL,G,NA,NA,STATE,628.161,640.809,12.648,NA,NA
34,06.11.2024 14:42,NA,/media/ael/DISK_Z/data/GFG/batch 2/34/01111.MTS,1702.12,50,FOCAL,G,NA,NA,STATE,765.034,771.558,6.524,NA,NA
35,06.11.2024 14:55,NA,/media/ael/DISK_Z/data/GFG/batch 2/35/01113.MTS,1779.88,50,FOCAL,G,NA,NA,STATE,93.483,101.043,7.56,NA,NA
35,06.11.2024 14:55,NA,/media/ael/DISK_Z/data/GFG/batch 2/35/01113.MTS,1779.88,50,FOCAL,G,NA,NA,STATE,103.743,107.522,3.779,NA,NA
35,06.11.2024 14:55,NA,/media/ael/DISK_Z/data/GFG/batch 2/35/01113.MTS,1779.88,50,FOCAL,G,NA,NA,STATE,115.802,188.252,72.45,NA,NA
35,06.11.2024 14:55,NA,/media/ael/DISK_Z/data/GFG/batch 2/35/01113.MTS,1779.88,50,FOCAL,P,NA,NA,STATE,159.992,181.052,21.06,NA,NA
35,06.11.2024 14:55,NA,/media/ael/DISK_Z/data/GFG/batch 2/35/01113.MTS,1779.88,50,FOCAL,A,NA,NA,STATE,188.883,210.033,21.15,NA,NA
35,06.11.2024 14:55,NA,/media/ael/DISK_Z/data/GFG/batch 2/35/01113.MTS,1779.88,50,FOCAL,G,NA,NA,STATE,213.183,218.042,4.859,NA,NA
35,06.11.2024 14:55,NA,/media/ael/DISK_Z/data/GFG/batch 2/35/01113.MTS,1779.88,50,FOCAL,A,NA,NA,STATE,239.282,255.302,16.02,NA,NA
35,06.11.2024 14:55,NA,/media/ael/DISK_Z/data/GFG/batch 2/35/01114.MTS,1779.88,50,FOCAL,G,NA,NA,STATE,829.869,848.586,18.717,NA,NA
35,06.11.2024 14:55,NA,/media/ael/DISK_Z/data/GFG/batch 2/35/01114.MTS,1779.88,50,FOCAL,G,NA,NA,STATE,849.665,863.704,14.039,NA,NA
36,06.11.2024 15:36,NA,/media/ael/DISK_Z/data/GFG/batch 2/36/01116.MTS,1788.07,50,FOCAL,G,NA,NA,STATE,11.947,18.067,6.12,NA,NA
36,06.11.2024 15:36,NA,/media/ael/DISK_Z/data/GFG/batch 2/36/01116.MTS,1788.07,50,FOCAL,G,NA,NA,STATE,19.506,20.407,0.901,NA,NA
36,06.11.2024 15:36,NA,/media/ael/DISK_Z/data/GFG/batch 2/36/01116.MTS,1788.07,50,ANT2,A,NA,NA,STATE,33.903,35.073,1.17,NA,NA
36,06.11.2024 15:36,NA,/media/ael/DISK_Z/data/GFG/batch 2/36/01116.MTS,1788.07,50,FOCAL,G,NA,NA,STATE,58.108,63.506,5.398,NA,NA
36,06.11.2024 15:36,NA,/media/ael/DISK_Z/data/GFG/batch 2/36/01116.MTS,1788.07,50,FOCAL,G,NA,NA,STATE,64.676,79.882,15.206,NA,NA
36,06.11.2024 15:36,NA,/media/ael/DISK_Z/data/GFG/batch 2/36/01116.MTS,1788.07,50,FOCAL,G,NA,NA,STATE,89.869,92.479,2.61,NA,NA
36,06.11.2024 15:36,NA,/media/ael/DISK_Z/data/GFG/batch 2/36/01116.MTS,1788.07,50,FOCAL,G,NA,NA,STATE,101.477,102.467,0.99,NA,NA
36,06.11.2024 15:36,NA,/media/ael/DISK_Z/data/GFG/batch 2/36/01116.MTS,1788.07,50,FOCAL,G,NA,NA,STATE,105.796,115.155,9.359,NA,NA
36,06.11.2024 15:36,NA,/media/ael/DISK_Z/data/GFG/batch 2/36/01116.MTS,1788.07,50,ANT2,A,NA,NA,STATE,106.426,108.946,2.52,NA,NA
36,06.11.2024 15:36,NA,/media/ael/DISK_Z/data/GFG/batch 2/36/01116.MTS,1788.07,50,FOCAL,G,NA,NA,STATE,128.023,129.642,1.619,NA,NA
36,06.11.2024 15:36,NA,/media/ael/DISK_Z/data/GFG/batch 2/36/01116.MTS,1788.07,50,FOCAL,G,NA,NA,STATE,132.252,133.601,1.349,NA,NA
36,06.11.2024 15:36,NA,/media/ael/DISK_Z/data/GFG/batch 2/36/01116.MTS,1788.07,50,FOCAL,G,NA,NA,STATE,141.969,144.128,2.159,NA,NA
36,06.11.2024 15:36,NA,/media/ael/DISK_Z/data/GFG/batch 2/36/01116.MTS,1788.07,50,ANT2,A,NA,NA,STATE,181.289,184.169,2.88,NA,NA
36,06.11.2024 15:36,NA,/media/ael/DISK_Z/data/GFG/batch 2/36/01116.MTS,1788.07,50,FOCAL,G,NA,NA,STATE,204.413,206.213,1.8,NA,NA
36,06.11.2024 15:36,NA,/media/ael/DISK_Z/data/GFG/batch 2/36/01116.MTS,1788.07,50,FOCAL,G,NA,NA,STATE,212.332,215.571,3.239,NA,NA
36,06.11.2024 15:36,NA,/media/ael/DISK_Z/data/GFG/batch 2/36/01116.MTS,1788.07,50,FOCAL,R,NA,NA,STATE,224.928,225.738,0.81,NA,NA
36,06.11.2024 15:36,NA,/media/ael/DISK_Z/data/GFG/batch 2/36/01116.MTS,1788.07,50,FOCAL,G,NA,NA,STATE,401.113,412.091,10.978,NA,NA
36,06.11.2024 15:36,NA,/media/ael/DISK_Z/data/GFG/batch 2/36/01116.MTS,1788.07,50,FOCAL,G,NA,NA,STATE,412.63,419.109,6.479,NA,NA
36,06.11.2024 15:36,NA,/media/ael/DISK_Z/data/GFG/batch 2/36/01116.MTS,1788.07,50,FOCAL,G,NA,NA,STATE,421.268,423.698,2.43,NA,NA
36,06.11.2024 15:36,NA,/media/ael/DISK_Z/data/GFG/batch 2/36/01116.MTS,1788.07,50,FOCAL,G,NA,NA,STATE,425.053,489.021,63.968,NA,NA
36,06.11.2024 15:36,NA,/media/ael/DISK_Z/data/GFG/batch 2/36/01116.MTS,1788.07,50,ANT2,A,NA,NA,STATE,453.391,454.831,1.44,NA,NA
36,06.11.2024 15:36,NA,/media/ael/DISK_Z/data/GFG/batch 2/36/01116.MTS,1788.07,50,FOCAL,G,NA,NA,STATE,504.318,507.019,2.701,NA,NA
36,06.11.2024 15:36,NA,/media/ael/DISK_Z/data/GFG/batch 2/36/01116.MTS,1788.07,50,FOCAL,G,NA,NA,STATE,507.468,578.644,71.176,NA,NA
36,06.11.2024 15:36,NA,/media/ael/DISK_Z/data/GFG/batch 2/36/01116.MTS,1788.07,50,FOCAL,G,NA,NA,STATE,612.115,714.147,102.032,NA,NA
36,06.11.2024 15:36,NA,/media/ael/DISK_Z/data/GFG/batch 2/36/01116.MTS,1788.07,50,ANT2,A,NA,NA,STATE,634.721,639.819,5.098,NA,NA
36,06.11.2024 15:36,NA,/media/ael/DISK_Z/data/GFG/batch 2/36/01117.MTS,1788.07,50,FOCAL,A,NA,NA,STATE,726.476,729.457,2.981,NA,NA
36,06.11.2024 15:36,NA,/media/ael/DISK_Z/data/GFG/batch 2/36/01117.MTS,1788.07,50,FOCAL,G,NA,NA,STATE,731.605,732.414,0.809,NA,NA
36,06.11.2024 15:36,NA,/media/ael/DISK_Z/data/GFG/batch 2/36/01117.MTS,1788.07,50,FOCAL,G,NA,NA,STATE,735.114,737.814,2.7,NA,NA
36,06.11.2024 15:36,NA,/media/ael/DISK_Z/data/GFG/batch 2/36/01117.MTS,1788.07,50,FOCAL,G,NA,NA,STATE,742.137,756.178,14.041,NA,NA
36,06.11.2024 15:36,NA,/media/ael/DISK_Z/data/GFG/batch 2/36/01117.MTS,1788.07,50,FOCAL,G,NA,NA,STATE,822.225,837.432,15.207,NA,NA
37,06.11.2024 16:16,NA,/media/ael/DISK_Z/data/GFG/batch 2/37/01119.MTS,1779.94,50,FOCAL,G,NA,NA,STATE,38.585,42.635,4.05,NA,NA
37,06.11.2024 16:16,NA,/media/ael/DISK_Z/data/GFG/batch 2/37/01119.MTS,1779.94,50,FOCAL,G,NA,NA,STATE,145.133,150.533,5.4,NA,NA
37,06.11.2024 16:16,NA,/media/ael/DISK_Z/data/GFG/batch 2/37/01119.MTS,1779.94,50,FOCAL,G,NA,NA,STATE,205.963,215.681,9.718,NA,NA
37,06.11.2024 16:16,NA,/media/ael/DISK_Z/data/GFG/batch 2/37/01119.MTS,1779.94,50,FOCAL,G,NA,NA,STATE,346.071,352.999,6.928,NA,NA
37,06.11.2024 16:16,NA,/media/ael/DISK_Z/data/GFG/batch 2/37/01119.MTS,1779.94,50,FOCAL,G,NA,NA,STATE,469.976,475.645,5.669,NA,NA
37,06.11.2024 16:16,NA,/media/ael/DISK_Z/data/GFG/batch 2/37/01120.MTS,1779.94,50,FOCAL,G,NA,NA,STATE,673.472,677.522,4.05,NA,NA
37,06.11.2024 16:16,NA,/media/ael/DISK_Z/data/GFG/batch 2/37/01120.MTS,1779.94,50,FOCAL,G,NA,NA,STATE,845.338,846.958,1.62,NA,NA
37,06.11.2024 16:16,NA,/media/ael/DISK_Z/data/GFG/batch 2/37/01120.MTS,1779.94,50,FOCAL,G,NA,NA,STATE,895.276,899.774,4.498,NA,NA
38,07.11.2024 15:41,NA,/media/ael/DISK_Z/data/GFG/batch 2/38/01122.MTS,1765.06,50,ANT2,A,NA,NA,STATE,46.859,53.967,7.108,NA,NA
38,07.11.2024 15:41,NA,/media/ael/DISK_Z/data/GFG/batch 2/38/01122.MTS,1765.06,50,ANT2,A,NA,NA,STATE,64.764,70.433,5.669,NA,NA
38,07.11.2024 15:41,NA,/media/ael/DISK_Z/data/GFG/batch 2/38/01122.MTS,1765.06,50,FOCAL,R,NA,NA,STATE,70.433,83.12,12.687,NA,NA
38,07.11.2024 15:41,NA,/media/ael/DISK_Z/data/GFG/batch 2/38/01122.MTS,1765.06,50,FOCAL,R,NA,NA,STATE,185.609,246.525,60.916,NA,NA
38,07.11.2024 15:41,NA,/media/ael/DISK_Z/data/GFG/batch 2/38/01122.MTS,1765.06,50,ANT2,A,NA,NA,STATE,315.807,318.867,3.06,NA,NA
38,07.11.2024 15:41,NA,/media/ael/DISK_Z/data/GFG/batch 2/38/01122.MTS,1765.06,50,FOCAL,G,NA,NA,STATE,354.319,360.527,6.208,NA,NA
38,07.11.2024 15:41,NA,/media/ael/DISK_Z/data/GFG/batch 2/38/01122.MTS,1765.06,50,ANT2,A,NA,NA,STATE,394.628,401.826,7.198,NA,NA
38,07.11.2024 15:41,NA,/media/ael/DISK_Z/data/GFG/batch 2/38/01122.MTS,1765.06,50,FOCAL,G,NA,NA,STATE,447.625,449.244,1.619,NA,NA
38,07.11.2024 15:41,NA,/media/ael/DISK_Z/data/GFG/batch 2/38/01122.MTS,1765.06,50,FOCAL,R,NA,NA,STATE,450.684,478.402,27.718,NA,NA
38,07.11.2024 15:41,NA,/media/ael/DISK_Z/data/GFG/batch 2/38/01122.MTS,1765.06,50,FOCAL,G,NA,NA,STATE,569.009,571.169,2.16,NA,NA
38,07.11.2024 15:41,NA,/media/ael/DISK_Z/data/GFG/batch 2/38/01123.MTS,1765.06,50,FOCAL,A,NA,NA,STATE,641.438,642.338,0.9,NA,NA
38,07.11.2024 15:41,NA,/media/ael/DISK_Z/data/GFG/batch 2/38/01123.MTS,1765.06,50,FOCAL,G,NA,NA,STATE,654.305,659.974,5.669,NA,NA
38,07.11.2024 15:41,NA,/media/ael/DISK_Z/data/GFG/batch 2/38/01123.MTS,1765.06,50,FOCAL,R,NA,NA,STATE,734.48,735.83,1.35,NA,NA
38,07.11.2024 15:41,NA,/media/ael/DISK_Z/data/GFG/batch 2/38/01123.MTS,1765.06,50,FOCAL,G,NA,NA,STATE,816.99,818.07,1.08,NA,NA
38,07.11.2024 15:41,NA,/media/ael/DISK_Z/data/GFG/batch 2/38/01123.MTS,1765.06,50,FOCAL,R,NA,NA,STATE,853.971,896.171,42.2,NA,NA
39,07.11.2024 16:36,NA,/media/ael/DISK_Z/data/GFG/batch 2/39/01125.MTS,1807.72,50,FOCAL,G,NA,NA,STATE,47.763,49.112,1.349,NA,NA
39,07.11.2024 16:36,NA,/media/ael/DISK_Z/data/GFG/batch 2/39/01125.MTS,1807.72,50,FOCAL,G,NA,NA,STATE,57.211,57.751,0.54,NA,NA
39,07.11.2024 16:36,NA,/media/ael/DISK_Z/data/GFG/batch 2/39/01125.MTS,1807.72,50,FOCAL,G,NA,NA,STATE,90.056,90.686,0.63,NA,NA
39,07.11.2024 16:36,NA,/media/ael/DISK_Z/data/GFG/batch 2/39/01125.MTS,1807.72,50,ANT2,A,NA,NA,STATE,105.104,108.321,3.217,NA,NA
39,07.11.2024 16:36,NA,/media/ael/DISK_Z/data/GFG/batch 2/39/01125.MTS,1807.72,50,ANT2,A,NA,NA,STATE,112.731,118.219,5.488,NA,NA
39,07.11.2024 16:36,NA,/media/ael/DISK_Z/data/GFG/batch 2/39/01125.MTS,1807.72,50,FOCAL,A,NA,NA,STATE,143.593,148.182,4.589,NA,NA
39,07.11.2024 16:36,NA,/media/ael/DISK_Z/data/GFG/batch 2/39/01125.MTS,1807.72,50,FOCAL,G,NA,NA,STATE,152.861,156.46,3.599,NA,NA
39,07.11.2024 16:36,NA,/media/ael/DISK_Z/data/GFG/batch 2/39/01125.MTS,1807.72,50,FOCAL,G,NA,NA,STATE,171.036,323.017,151.981,NA,NA
39,07.11.2024 16:36,NA,/media/ael/DISK_Z/data/GFG/batch 2/39/01125.MTS,1807.72,50,FOCAL,G,NA,NA,STATE,326.887,379.797,52.91,NA,NA
39,07.11.2024 16:36,NA,/media/ael/DISK_Z/data/GFG/batch 2/39/01125.MTS,1807.72,50,FOCAL,G,NA,NA,STATE,505.861,570.104,64.243,NA,NA
39,07.11.2024 16:36,NA,/media/ael/DISK_Z/data/GFG/batch 2/39/01126.MTS,1807.72,50,FOCAL,G,NA,NA,STATE,835.348,910.313,74.965,NA,NA
40,07.11.2024 17:51,NA,/media/ael/DISK_Z/data/GFG/batch 2/40/01128.MTS,1762.63,50,FOCAL,G,NA,NA,STATE,62.43,69.988,7.558,NA,NA
40,07.11.2024 17:51,NA,/media/ael/DISK_Z/data/GFG/batch 2/40/01128.MTS,1762.63,50,FOCAL,G,NA,NA,STATE,134.958,184.179,49.221,NA,NA
40,07.11.2024 17:51,NA,/media/ael/DISK_Z/data/GFG/batch 2/40/01128.MTS,1762.63,50,FOCAL,P,NA,NA,STATE,134.958,146.205,11.247,NA,NA
40,07.11.2024 17:51,NA,/media/ael/DISK_Z/data/GFG/batch 2/40/01128.MTS,1762.63,50,ANT2,A,NA,NA,STATE,210.901,233.126,22.225,NA,NA
40,07.11.2024 17:51,NA,/media/ael/DISK_Z/data/GFG/batch 2/40/01128.MTS,1762.63,50,ANT2,A,NA,NA,STATE,240.055,281.897,41.842,NA,NA
40,07.11.2024 17:51,NA,/media/ael/DISK_Z/data/GFG/batch 2/40/01128.MTS,1762.63,50,ANT2,A,NA,NA,STATE,284.237,329.234,44.997,NA,NA
40,07.11.2024 17:51,NA,/media/ael/DISK_Z/data/GFG/batch 2/40/01128.MTS,1762.63,50,FOCAL,G,NA,NA,STATE,614.307,626.094,11.787,NA,NA
40,07.11.2024 17:51,NA,/media/ael/DISK_Z/data/GFG/batch 2/40/01128.MTS,1762.63,50,FOCAL,G,NA,NA,STATE,628.074,641.349,13.275,NA,NA
40,07.11.2024 17:51,NA,/media/ael/DISK_Z/data/GFG/batch 2/40/01129.MTS,1762.63,50,FOCAL,G,NA,NA,STATE,692.907,695.696,2.789,NA,NA
40,07.11.2024 17:51,NA,/media/ael/DISK_Z/data/GFG/batch 2/40/01129.MTS,1762.63,50,FOCAL,G,NA,NA,STATE,696.776,844.256,147.48,NA,NA
40,07.11.2024 17:51,NA,/media/ael/DISK_Z/data/GFG/batch 2/40/01129.MTS,1762.63,50,FOCAL,G,NA,NA,STATE,852.176,867.204,15.028,NA,NA
40,07.11.2024 17:51,NA,/media/ael/DISK_Z/data/GFG/batch 2/40/01129.MTS,1762.63,50,FOCAL,G,NA,NA,STATE,872.962,874.042,1.08,NA,NA